-- MySQL dump 10.13  Distrib 8.0.44, for Win64 (x86_64)
--
-- Host: gateway01.ap-southeast-1.prod.aws.tidbcloud.com    Database: health_db
-- ------------------------------------------------------
-- Server version	8.0.11-TiDB-v7.5.6-serverless

/*!40101 SET @OLD_CHARACTER_SET_CLIENT=@@CHARACTER_SET_CLIENT */;
/*!40101 SET @OLD_CHARACTER_SET_RESULTS=@@CHARACTER_SET_RESULTS */;
/*!40101 SET @OLD_COLLATION_CONNECTION=@@COLLATION_CONNECTION */;
/*!50503 SET NAMES utf8 */;
/*!40103 SET @OLD_TIME_ZONE=@@TIME_ZONE */;
/*!40103 SET TIME_ZONE='+00:00' */;
/*!40014 SET @OLD_UNIQUE_CHECKS=@@UNIQUE_CHECKS, UNIQUE_CHECKS=0 */;
/*!40014 SET @OLD_FOREIGN_KEY_CHECKS=@@FOREIGN_KEY_CHECKS, FOREIGN_KEY_CHECKS=0 */;
/*!40101 SET @OLD_SQL_MODE=@@SQL_MODE, SQL_MODE='NO_AUTO_VALUE_ON_ZERO' */;
/*!40111 SET @OLD_SQL_NOTES=@@SQL_NOTES, SQL_NOTES=0 */;

--
-- Table structure for table `appointment`
--

DROP TABLE IF EXISTS `appointment`;
/*!40101 SET @saved_cs_client     = @@character_set_client */;
/*!50503 SET character_set_client = utf8mb4 */;
CREATE TABLE `appointment` (
  `id` bigint NOT NULL AUTO_INCREMENT,
  `date` date DEFAULT NULL,
  `reason` varchar(255) COLLATE utf8mb4_0900_ai_ci DEFAULT NULL,
  `status` varchar(255) COLLATE utf8mb4_0900_ai_ci NOT NULL,
  `time` time DEFAULT NULL,
  `doctor_id` bigint NOT NULL,
  `patient_id` bigint NOT NULL,
  PRIMARY KEY (`id`) /*T![clustered_index] CLUSTERED */,
  KEY `FK51y2ce12yp0g0hgsa39p2u9jq` (`doctor_id`),
  KEY `FKkmgspx6jj6lf80ayfwccy2n63` (`patient_id`),
  CONSTRAINT `FK51y2ce12yp0g0hgsa39p2u9jq` FOREIGN KEY (`doctor_id`) REFERENCES `doctors` (`id`),
  CONSTRAINT `FKkmgspx6jj6lf80ayfwccy2n63` FOREIGN KEY (`patient_id`) REFERENCES `users` (`id`)
) ENGINE=InnoDB DEFAULT CHARSET=utf8mb4 COLLATE=utf8mb4_0900_ai_ci AUTO_INCREMENT=60044;
/*!40101 SET character_set_client = @saved_cs_client */;

--
-- Dumping data for table `appointment`
--

LOCK TABLES `appointment` WRITE;
/*!40000 ALTER TABLE `appointment` DISABLE KEYS */;
INSERT INTO `appointment` VALUES (2,'2026-03-13',NULL,'REJECTED','10:30:00',7,16),(3,'2026-03-13',NULL,'APPROVED','11:30:00',6,16),(4,'2026-03-13',NULL,'APPROVED','12:30:00',6,16),(5,'2026-03-15',NULL,'COMPLETED','11:30:00',8,19),(6,'2026-03-15',NULL,'APPROVED','10:30:00',8,16),(7,'2026-03-15',NULL,'REJECTED','11:00:00',8,16),(8,'2026-03-16',NULL,'COMPLETED','12:30:00',9,21),(9,'2026-03-14',NULL,'APPROVED','10:30:00',7,21),(10,'2026-03-23',NULL,'REJECTED','11:30:00',7,21),(11,'2026-03-14',NULL,'REJECTED','12:30:00',6,21),(12,'2026-03-14',NULL,'COMPLETED','11:30:00',6,21),(13,'2026-03-16',NULL,'APPROVED','11:30:00',6,21),(14,'2026-03-17',NULL,'COMPLETED','12:30:00',7,22),(15,'2026-03-26',NULL,'REJECTED','12:30:00',6,34),(16,'2026-03-14',NULL,'PENDING','10:00:00',6,34),(17,'2026-03-14',NULL,'COMPLETED','10:00:00',8,34),(18,'2026-03-14',NULL,'PENDING','10:00:00',7,14),(19,'2026-03-23',NULL,'PENDING','12:30:00',8,14),(20,'2026-03-27',NULL,'REJECTED','10:30:00',11,21),(21,'2026-03-27',NULL,'COMPLETED','11:30:00',11,21),(22,'2026-03-27',NULL,'REJECTED','11:30:00',10,22),(23,'2026-03-27',NULL,'REJECTED','10:30:00',10,14),(24,'2026-03-27',NULL,'PENDING','12:30:00',11,37),(25,'2026-03-16',NULL,'COMPLETED','10:00:00',6,21),(26,'2026-03-17',NULL,'APPROVED','11:30:00',7,21),(27,'2026-03-27',NULL,'APPROVED','10:00:00',10,16),(28,'2026-03-30',NULL,'PENDING','12:00:00',10,16),(29,'2026-03-27',NULL,'PENDING','12:00:00',11,21),(30,'2026-04-01',NULL,'PENDING','12:30:00',12,37),(31,'2026-04-06',NULL,'PENDING','15:00:00',12,37),(32,'2026-04-08',NULL,'PENDING','14:30:00',6,22),(33,'2026-04-08',NULL,'PENDING','14:30:00',10,16),(34,'2026-04-08',NULL,'PENDING','14:30:00',9,37),(35,'2026-04-07',NULL,'PENDING','11:30:00',6,22),(36,'2026-04-12',NULL,'PENDING','11:00:00',8,37),(37,'2026-04-09',NULL,'PENDING','11:30:00',7,37),(38,'2026-04-08',NULL,'PENDING','11:30:00',6,37),(39,'2026-04-11',NULL,'PENDING','11:30:00',7,40),(40,'2026-04-14',NULL,'COMPLETED','12:30:00',14,22),(41,'2026-04-10',NULL,'PENDING','15:00:00',14,40),(42,'2026-04-10',NULL,'PENDING','15:00:00',9,37),(43,'2026-04-19',NULL,'COMPLETED','14:30:00',10,42),(30044,'2026-04-24',NULL,'PENDING','11:30:00',6,21);
/*!40000 ALTER TABLE `appointment` ENABLE KEYS */;
UNLOCK TABLES;

--
-- Table structure for table `doctor_slot`
--

DROP TABLE IF EXISTS `doctor_slot`;
/*!40101 SET @saved_cs_client     = @@character_set_client */;
/*!50503 SET character_set_client = utf8mb4 */;
CREATE TABLE `doctor_slot` (
  `id` bigint NOT NULL AUTO_INCREMENT,
  `date` date DEFAULT NULL,
  `status` varchar(255) COLLATE utf8mb4_0900_ai_ci DEFAULT NULL,
  `time` time DEFAULT NULL,
  `doctor_id` bigint DEFAULT NULL,
  PRIMARY KEY (`id`) /*T![clustered_index] CLUSTERED */,
  KEY `FKe9x5jwsv4kxihiiovp98w769` (`doctor_id`),
  CONSTRAINT `FKe9x5jwsv4kxihiiovp98w769` FOREIGN KEY (`doctor_id`) REFERENCES `doctors` (`id`)
) ENGINE=InnoDB DEFAULT CHARSET=utf8mb4 COLLATE=utf8mb4_0900_ai_ci AUTO_INCREMENT=121261;
/*!40101 SET character_set_client = @saved_cs_client */;

--
-- Dumping data for table `doctor_slot`
--

LOCK TABLES `doctor_slot` WRITE;
/*!40000 ALTER TABLE `doctor_slot` DISABLE KEYS */;
INSERT INTO `doctor_slot` VALUES (1,'2026-04-10','OPEN','10:00:00',6),(2,'2026-04-10','OPEN','10:30:00',6),(3,'2026-04-10','OPEN','11:00:00',6),(4,'2026-04-10','OPEN','11:30:00',6),(5,'2026-04-10','OPEN','12:00:00',6),(6,'2026-04-10','OPEN','12:30:00',6),(7,'2026-04-10','OPEN','14:00:00',6),(8,'2026-04-10','OPEN','14:30:00',6),(9,'2026-04-10','OPEN','15:00:00',6),(10,'2026-04-10','OPEN','15:30:00',6),(11,'2026-04-11','OPEN','10:00:00',6),(12,'2026-04-11','OPEN','10:30:00',6),(13,'2026-04-11','OPEN','11:00:00',6),(14,'2026-04-11','OPEN','11:30:00',6),(15,'2026-04-11','OPEN','12:00:00',6),(16,'2026-04-11','OPEN','12:30:00',6),(17,'2026-04-11','OPEN','14:00:00',6),(18,'2026-04-11','OPEN','14:30:00',6),(19,'2026-04-11','OPEN','15:00:00',6),(20,'2026-04-11','OPEN','15:30:00',6),(21,'2026-04-12','OPEN','10:00:00',6),(22,'2026-04-12','OPEN','10:30:00',6),(23,'2026-04-12','OPEN','11:00:00',6),(24,'2026-04-12','OPEN','11:30:00',6),(25,'2026-04-12','OPEN','12:00:00',6),(26,'2026-04-12','OPEN','12:30:00',6),(27,'2026-04-12','OPEN','14:00:00',6),(28,'2026-04-12','OPEN','14:30:00',6),(29,'2026-04-12','OPEN','15:00:00',6),(30,'2026-04-12','OPEN','15:30:00',6),(31,'2026-04-13','OPEN','10:00:00',6),(32,'2026-04-13','OPEN','10:30:00',6),(33,'2026-04-13','OPEN','11:00:00',6),(34,'2026-04-13','OPEN','11:30:00',6),(35,'2026-04-13','OPEN','12:00:00',6),(36,'2026-04-13','OPEN','12:30:00',6),(37,'2026-04-13','OPEN','14:00:00',6),(38,'2026-04-13','OPEN','14:30:00',6),(39,'2026-04-13','OPEN','15:00:00',6),(40,'2026-04-13','OPEN','15:30:00',6),(41,'2026-04-14','OPEN','10:00:00',6),(42,'2026-04-14','OPEN','10:30:00',6),(43,'2026-04-14','OPEN','11:00:00',6),(44,'2026-04-14','OPEN','11:30:00',6),(45,'2026-04-14','OPEN','12:00:00',6),(46,'2026-04-14','OPEN','12:30:00',6),(47,'2026-04-14','OPEN','14:00:00',6),(48,'2026-04-14','OPEN','14:30:00',6),(49,'2026-04-14','OPEN','15:00:00',6),(50,'2026-04-14','OPEN','15:30:00',6),(51,'2026-04-15','OPEN','10:00:00',6),(52,'2026-04-15','OPEN','10:30:00',6),(53,'2026-04-15','OPEN','11:00:00',6),(54,'2026-04-15','OPEN','11:30:00',6),(55,'2026-04-15','OPEN','12:00:00',6),(56,'2026-04-15','OPEN','12:30:00',6),(57,'2026-04-15','OPEN','14:00:00',6),(58,'2026-04-15','OPEN','14:30:00',6),(59,'2026-04-15','OPEN','15:00:00',6),(60,'2026-04-15','OPEN','15:30:00',6),(61,'2026-04-16','OPEN','10:00:00',6),(62,'2026-04-16','OPEN','10:30:00',6),(63,'2026-04-16','OPEN','11:00:00',6),(64,'2026-04-16','OPEN','11:30:00',6),(65,'2026-04-16','OPEN','12:00:00',6),(66,'2026-04-16','OPEN','12:30:00',6),(67,'2026-04-16','OPEN','14:00:00',6),(68,'2026-04-16','OPEN','14:30:00',6),(69,'2026-04-16','OPEN','15:00:00',6),(70,'2026-04-16','OPEN','15:30:00',6),(71,'2026-04-10','OPEN','10:00:00',7),(72,'2026-04-10','OPEN','10:30:00',7),(73,'2026-04-10','OPEN','11:00:00',7),(74,'2026-04-10','OPEN','11:30:00',7),(75,'2026-04-10','OPEN','12:00:00',7),(76,'2026-04-10','OPEN','12:30:00',7),(77,'2026-04-10','OPEN','14:00:00',7),(78,'2026-04-10','OPEN','14:30:00',7),(79,'2026-04-10','OPEN','15:00:00',7),(80,'2026-04-10','OPEN','15:30:00',7),(81,'2026-04-11','OPEN','10:00:00',7),(82,'2026-04-11','OPEN','10:30:00',7),(83,'2026-04-11','OPEN','11:00:00',7),(84,'2026-04-11','OPEN','11:30:00',7),(85,'2026-04-11','OPEN','12:00:00',7),(86,'2026-04-11','OPEN','12:30:00',7),(87,'2026-04-11','OPEN','14:00:00',7),(88,'2026-04-11','OPEN','14:30:00',7),(89,'2026-04-11','OPEN','15:00:00',7),(90,'2026-04-11','OPEN','15:30:00',7),(91,'2026-04-12','OPEN','10:00:00',7),(92,'2026-04-12','OPEN','10:30:00',7),(93,'2026-04-12','OPEN','11:00:00',7),(94,'2026-04-12','OPEN','11:30:00',7),(95,'2026-04-12','OPEN','12:00:00',7),(96,'2026-04-12','OPEN','12:30:00',7),(97,'2026-04-12','OPEN','14:00:00',7),(98,'2026-04-12','OPEN','14:30:00',7),(99,'2026-04-12','OPEN','15:00:00',7),(100,'2026-04-12','OPEN','15:30:00',7),(101,'2026-04-13','OPEN','10:00:00',7),(102,'2026-04-13','OPEN','10:30:00',7),(103,'2026-04-13','OPEN','11:00:00',7),(104,'2026-04-13','OPEN','11:30:00',7),(105,'2026-04-13','OPEN','12:00:00',7),(106,'2026-04-13','OPEN','12:30:00',7),(107,'2026-04-13','OPEN','14:00:00',7),(108,'2026-04-13','OPEN','14:30:00',7),(109,'2026-04-13','OPEN','15:00:00',7),(110,'2026-04-13','OPEN','15:30:00',7),(111,'2026-04-14','OPEN','10:00:00',7),(112,'2026-04-14','OPEN','10:30:00',7),(113,'2026-04-14','OPEN','11:00:00',7),(114,'2026-04-14','OPEN','11:30:00',7),(115,'2026-04-14','OPEN','12:00:00',7),(116,'2026-04-14','OPEN','12:30:00',7),(117,'2026-04-14','OPEN','14:00:00',7),(118,'2026-04-14','OPEN','14:30:00',7),(119,'2026-04-14','OPEN','15:00:00',7),(120,'2026-04-14','OPEN','15:30:00',7),(121,'2026-04-15','OPEN','10:00:00',7),(122,'2026-04-15','OPEN','10:30:00',7),(123,'2026-04-15','OPEN','11:00:00',7),(124,'2026-04-15','OPEN','11:30:00',7),(125,'2026-04-15','OPEN','12:00:00',7),(126,'2026-04-15','OPEN','12:30:00',7),(127,'2026-04-15','OPEN','14:00:00',7),(128,'2026-04-15','OPEN','14:30:00',7),(129,'2026-04-15','OPEN','15:00:00',7),(130,'2026-04-15','OPEN','15:30:00',7),(131,'2026-04-16','OPEN','10:00:00',7),(132,'2026-04-16','OPEN','10:30:00',7),(133,'2026-04-16','OPEN','11:00:00',7),(134,'2026-04-16','OPEN','11:30:00',7),(135,'2026-04-16','OPEN','12:00:00',7),(136,'2026-04-16','OPEN','12:30:00',7),(137,'2026-04-16','OPEN','14:00:00',7),(138,'2026-04-16','OPEN','14:30:00',7),(139,'2026-04-16','OPEN','15:00:00',7),(140,'2026-04-16','OPEN','15:30:00',7),(141,'2026-04-10','OPEN','10:00:00',8),(142,'2026-04-10','OPEN','10:30:00',8),(143,'2026-04-10','OPEN','11:00:00',8),(144,'2026-04-10','OPEN','11:30:00',8),(145,'2026-04-10','OPEN','12:00:00',8),(146,'2026-04-10','OPEN','12:30:00',8),(147,'2026-04-10','OPEN','14:00:00',8),(148,'2026-04-10','OPEN','14:30:00',8),(149,'2026-04-10','OPEN','15:00:00',8),(150,'2026-04-10','OPEN','15:30:00',8),(151,'2026-04-11','OPEN','10:00:00',8),(152,'2026-04-11','OPEN','10:30:00',8),(153,'2026-04-11','OPEN','11:00:00',8),(154,'2026-04-11','OPEN','11:30:00',8),(155,'2026-04-11','OPEN','12:00:00',8),(156,'2026-04-11','OPEN','12:30:00',8),(157,'2026-04-11','OPEN','14:00:00',8),(158,'2026-04-11','OPEN','14:30:00',8),(159,'2026-04-11','OPEN','15:00:00',8),(160,'2026-04-11','OPEN','15:30:00',8),(161,'2026-04-12','OPEN','10:00:00',8),(162,'2026-04-12','OPEN','10:30:00',8),(163,'2026-04-12','OPEN','11:00:00',8),(164,'2026-04-12','OPEN','11:30:00',8),(165,'2026-04-12','OPEN','12:00:00',8),(166,'2026-04-12','OPEN','12:30:00',8),(167,'2026-04-12','OPEN','14:00:00',8),(168,'2026-04-12','OPEN','14:30:00',8),(169,'2026-04-12','OPEN','15:00:00',8),(170,'2026-04-12','OPEN','15:30:00',8),(171,'2026-04-13','OPEN','10:00:00',8),(172,'2026-04-13','OPEN','10:30:00',8),(173,'2026-04-13','OPEN','11:00:00',8),(174,'2026-04-13','OPEN','11:30:00',8),(175,'2026-04-13','OPEN','12:00:00',8),(176,'2026-04-13','OPEN','12:30:00',8),(177,'2026-04-13','OPEN','14:00:00',8),(178,'2026-04-13','OPEN','14:30:00',8),(179,'2026-04-13','OPEN','15:00:00',8),(180,'2026-04-13','OPEN','15:30:00',8),(181,'2026-04-14','OPEN','10:00:00',8),(182,'2026-04-14','OPEN','10:30:00',8),(183,'2026-04-14','OPEN','11:00:00',8),(184,'2026-04-14','OPEN','11:30:00',8),(185,'2026-04-14','OPEN','12:00:00',8),(186,'2026-04-14','OPEN','12:30:00',8),(187,'2026-04-14','OPEN','14:00:00',8),(188,'2026-04-14','OPEN','14:30:00',8),(189,'2026-04-14','OPEN','15:00:00',8),(190,'2026-04-14','OPEN','15:30:00',8),(191,'2026-04-15','OPEN','10:00:00',8),(192,'2026-04-15','OPEN','10:30:00',8),(193,'2026-04-15','OPEN','11:00:00',8),(194,'2026-04-15','OPEN','11:30:00',8),(195,'2026-04-15','OPEN','12:00:00',8),(196,'2026-04-15','OPEN','12:30:00',8),(197,'2026-04-15','OPEN','14:00:00',8),(198,'2026-04-15','OPEN','14:30:00',8),(199,'2026-04-15','OPEN','15:00:00',8),(200,'2026-04-15','OPEN','15:30:00',8),(201,'2026-04-16','OPEN','10:00:00',8),(202,'2026-04-16','OPEN','10:30:00',8),(203,'2026-04-16','OPEN','11:00:00',8),(204,'2026-04-16','OPEN','11:30:00',8),(205,'2026-04-16','OPEN','12:00:00',8),(206,'2026-04-16','OPEN','12:30:00',8),(207,'2026-04-16','OPEN','14:00:00',8),(208,'2026-04-16','OPEN','14:30:00',8),(209,'2026-04-16','OPEN','15:00:00',8),(210,'2026-04-16','OPEN','15:30:00',8),(211,'2026-04-10','OPEN','10:00:00',9),(212,'2026-04-10','OPEN','10:30:00',9),(213,'2026-04-10','OPEN','11:00:00',9),(214,'2026-04-10','OPEN','11:30:00',9),(215,'2026-04-10','OPEN','12:00:00',9),(216,'2026-04-10','OPEN','12:30:00',9),(217,'2026-04-10','OPEN','14:00:00',9),(218,'2026-04-10','OPEN','14:30:00',9),(219,'2026-04-10','BOOKED','15:00:00',9),(220,'2026-04-10','OPEN','15:30:00',9),(221,'2026-04-11','OPEN','10:00:00',9),(222,'2026-04-11','OPEN','10:30:00',9),(223,'2026-04-11','OPEN','11:00:00',9),(224,'2026-04-11','OPEN','11:30:00',9),(225,'2026-04-11','OPEN','12:00:00',9),(226,'2026-04-11','OPEN','12:30:00',9),(227,'2026-04-11','OPEN','14:00:00',9),(228,'2026-04-11','OPEN','14:30:00',9),(229,'2026-04-11','OPEN','15:00:00',9),(230,'2026-04-11','OPEN','15:30:00',9),(231,'2026-04-12','OPEN','10:00:00',9),(232,'2026-04-12','OPEN','10:30:00',9),(233,'2026-04-12','OPEN','11:00:00',9),(234,'2026-04-12','OPEN','11:30:00',9),(235,'2026-04-12','OPEN','12:00:00',9),(236,'2026-04-12','OPEN','12:30:00',9),(237,'2026-04-12','OPEN','14:00:00',9),(238,'2026-04-12','OPEN','14:30:00',9),(239,'2026-04-12','OPEN','15:00:00',9),(240,'2026-04-12','OPEN','15:30:00',9),(241,'2026-04-13','OPEN','10:00:00',9),(242,'2026-04-13','OPEN','10:30:00',9),(243,'2026-04-13','OPEN','11:00:00',9),(244,'2026-04-13','OPEN','11:30:00',9),(245,'2026-04-13','OPEN','12:00:00',9),(246,'2026-04-13','OPEN','12:30:00',9),(247,'2026-04-13','OPEN','14:00:00',9),(248,'2026-04-13','OPEN','14:30:00',9),(249,'2026-04-13','OPEN','15:00:00',9),(250,'2026-04-13','OPEN','15:30:00',9),(251,'2026-04-14','OPEN','10:00:00',9),(252,'2026-04-14','OPEN','10:30:00',9),(253,'2026-04-14','OPEN','11:00:00',9),(254,'2026-04-14','OPEN','11:30:00',9),(255,'2026-04-14','OPEN','12:00:00',9),(256,'2026-04-14','OPEN','12:30:00',9),(257,'2026-04-14','OPEN','14:00:00',9),(258,'2026-04-14','OPEN','14:30:00',9),(259,'2026-04-14','OPEN','15:00:00',9),(260,'2026-04-14','OPEN','15:30:00',9),(261,'2026-04-15','OPEN','10:00:00',9),(262,'2026-04-15','OPEN','10:30:00',9),(263,'2026-04-15','OPEN','11:00:00',9),(264,'2026-04-15','OPEN','11:30:00',9),(265,'2026-04-15','OPEN','12:00:00',9),(266,'2026-04-15','OPEN','12:30:00',9),(267,'2026-04-15','OPEN','14:00:00',9),(268,'2026-04-15','OPEN','14:30:00',9),(269,'2026-04-15','OPEN','15:00:00',9),(270,'2026-04-15','OPEN','15:30:00',9),(271,'2026-04-16','OPEN','10:00:00',9),(272,'2026-04-16','OPEN','10:30:00',9),(273,'2026-04-16','OPEN','11:00:00',9),(274,'2026-04-16','OPEN','11:30:00',9),(275,'2026-04-16','OPEN','12:00:00',9),(276,'2026-04-16','OPEN','12:30:00',9),(277,'2026-04-16','OPEN','14:00:00',9),(278,'2026-04-16','OPEN','14:30:00',9),(279,'2026-04-16','OPEN','15:00:00',9),(280,'2026-04-16','OPEN','15:30:00',9),(281,'2026-04-10','OPEN','10:00:00',10),(282,'2026-04-10','OPEN','10:30:00',10),(283,'2026-04-10','OPEN','11:00:00',10),(284,'2026-04-10','OPEN','11:30:00',10),(285,'2026-04-10','OPEN','12:00:00',10),(286,'2026-04-10','OPEN','12:30:00',10),(287,'2026-04-10','OPEN','14:00:00',10),(288,'2026-04-10','OPEN','14:30:00',10),(289,'2026-04-10','OPEN','15:00:00',10),(290,'2026-04-10','OPEN','15:30:00',10),(291,'2026-04-11','OPEN','10:00:00',10),(292,'2026-04-11','OPEN','10:30:00',10),(293,'2026-04-11','OPEN','11:00:00',10),(294,'2026-04-11','OPEN','11:30:00',10),(295,'2026-04-11','OPEN','12:00:00',10),(296,'2026-04-11','OPEN','12:30:00',10),(297,'2026-04-11','OPEN','14:00:00',10),(298,'2026-04-11','OPEN','14:30:00',10),(299,'2026-04-11','OPEN','15:00:00',10),(300,'2026-04-11','OPEN','15:30:00',10),(301,'2026-04-12','OPEN','10:00:00',10),(302,'2026-04-12','OPEN','10:30:00',10),(303,'2026-04-12','OPEN','11:00:00',10),(304,'2026-04-12','OPEN','11:30:00',10),(305,'2026-04-12','OPEN','12:00:00',10),(306,'2026-04-12','OPEN','12:30:00',10),(307,'2026-04-12','OPEN','14:00:00',10),(308,'2026-04-12','OPEN','14:30:00',10),(309,'2026-04-12','OPEN','15:00:00',10),(310,'2026-04-12','OPEN','15:30:00',10),(311,'2026-04-13','OPEN','10:00:00',10),(312,'2026-04-13','OPEN','10:30:00',10),(313,'2026-04-13','OPEN','11:00:00',10),(314,'2026-04-13','OPEN','11:30:00',10),(315,'2026-04-13','OPEN','12:00:00',10),(316,'2026-04-13','OPEN','12:30:00',10),(317,'2026-04-13','OPEN','14:00:00',10),(318,'2026-04-13','OPEN','14:30:00',10),(319,'2026-04-13','OPEN','15:00:00',10),(320,'2026-04-13','OPEN','15:30:00',10),(321,'2026-04-14','OPEN','10:00:00',10),(322,'2026-04-14','OPEN','10:30:00',10),(323,'2026-04-14','OPEN','11:00:00',10),(324,'2026-04-14','OPEN','11:30:00',10),(325,'2026-04-14','OPEN','12:00:00',10),(326,'2026-04-14','OPEN','12:30:00',10),(327,'2026-04-14','OPEN','14:00:00',10),(328,'2026-04-14','OPEN','14:30:00',10),(329,'2026-04-14','OPEN','15:00:00',10),(330,'2026-04-14','OPEN','15:30:00',10),(331,'2026-04-15','OPEN','10:00:00',10),(332,'2026-04-15','OPEN','10:30:00',10),(333,'2026-04-15','OPEN','11:00:00',10),(334,'2026-04-15','OPEN','11:30:00',10),(335,'2026-04-15','OPEN','12:00:00',10),(336,'2026-04-15','OPEN','12:30:00',10),(337,'2026-04-15','OPEN','14:00:00',10),(338,'2026-04-15','OPEN','14:30:00',10),(339,'2026-04-15','OPEN','15:00:00',10),(340,'2026-04-15','OPEN','15:30:00',10),(341,'2026-04-16','OPEN','10:00:00',10),(342,'2026-04-16','OPEN','10:30:00',10),(343,'2026-04-16','OPEN','11:00:00',10),(344,'2026-04-16','OPEN','11:30:00',10),(345,'2026-04-16','OPEN','12:00:00',10),(346,'2026-04-16','OPEN','12:30:00',10),(347,'2026-04-16','OPEN','14:00:00',10),(348,'2026-04-16','OPEN','14:30:00',10),(349,'2026-04-16','OPEN','15:00:00',10),(350,'2026-04-16','OPEN','15:30:00',10),(351,'2026-04-10','OPEN','10:00:00',11),(352,'2026-04-10','OPEN','10:30:00',11),(353,'2026-04-10','OPEN','11:00:00',11),(354,'2026-04-10','OPEN','11:30:00',11),(355,'2026-04-10','OPEN','12:00:00',11),(356,'2026-04-10','OPEN','12:30:00',11),(357,'2026-04-10','OPEN','14:00:00',11),(358,'2026-04-10','OPEN','14:30:00',11),(359,'2026-04-10','OPEN','15:00:00',11),(360,'2026-04-10','OPEN','15:30:00',11),(361,'2026-04-11','OPEN','10:00:00',11),(362,'2026-04-11','OPEN','10:30:00',11),(363,'2026-04-11','OPEN','11:00:00',11),(364,'2026-04-11','OPEN','11:30:00',11),(365,'2026-04-11','OPEN','12:00:00',11),(366,'2026-04-11','OPEN','12:30:00',11),(367,'2026-04-11','OPEN','14:00:00',11),(368,'2026-04-11','OPEN','14:30:00',11),(369,'2026-04-11','OPEN','15:00:00',11),(370,'2026-04-11','OPEN','15:30:00',11),(371,'2026-04-12','OPEN','10:00:00',11),(372,'2026-04-12','OPEN','10:30:00',11),(373,'2026-04-12','OPEN','11:00:00',11),(374,'2026-04-12','OPEN','11:30:00',11),(375,'2026-04-12','OPEN','12:00:00',11),(376,'2026-04-12','OPEN','12:30:00',11),(377,'2026-04-12','OPEN','14:00:00',11),(378,'2026-04-12','OPEN','14:30:00',11),(379,'2026-04-12','OPEN','15:00:00',11),(380,'2026-04-12','OPEN','15:30:00',11),(381,'2026-04-13','OPEN','10:00:00',11),(382,'2026-04-13','OPEN','10:30:00',11),(383,'2026-04-13','OPEN','11:00:00',11),(384,'2026-04-13','OPEN','11:30:00',11),(385,'2026-04-13','OPEN','12:00:00',11),(386,'2026-04-13','OPEN','12:30:00',11),(387,'2026-04-13','OPEN','14:00:00',11),(388,'2026-04-13','OPEN','14:30:00',11),(389,'2026-04-13','OPEN','15:00:00',11),(390,'2026-04-13','OPEN','15:30:00',11),(391,'2026-04-14','OPEN','10:00:00',11),(392,'2026-04-14','OPEN','10:30:00',11),(393,'2026-04-14','OPEN','11:00:00',11),(394,'2026-04-14','OPEN','11:30:00',11),(395,'2026-04-14','OPEN','12:00:00',11),(396,'2026-04-14','OPEN','12:30:00',11),(397,'2026-04-14','OPEN','14:00:00',11),(398,'2026-04-14','OPEN','14:30:00',11),(399,'2026-04-14','OPEN','15:00:00',11),(400,'2026-04-14','OPEN','15:30:00',11),(401,'2026-04-15','OPEN','10:00:00',11),(402,'2026-04-15','OPEN','10:30:00',11),(403,'2026-04-15','OPEN','11:00:00',11),(404,'2026-04-15','OPEN','11:30:00',11),(405,'2026-04-15','OPEN','12:00:00',11),(406,'2026-04-15','OPEN','12:30:00',11),(407,'2026-04-15','OPEN','14:00:00',11),(408,'2026-04-15','OPEN','14:30:00',11),(409,'2026-04-15','OPEN','15:00:00',11),(410,'2026-04-15','OPEN','15:30:00',11),(411,'2026-04-16','OPEN','10:00:00',11),(412,'2026-04-16','OPEN','10:30:00',11),(413,'2026-04-16','OPEN','11:00:00',11),(414,'2026-04-16','OPEN','11:30:00',11),(415,'2026-04-16','OPEN','12:00:00',11),(416,'2026-04-16','OPEN','12:30:00',11),(417,'2026-04-16','OPEN','14:00:00',11),(418,'2026-04-16','OPEN','14:30:00',11),(419,'2026-04-16','OPEN','15:00:00',11),(420,'2026-04-16','OPEN','15:30:00',11),(421,'2026-04-10','OPEN','10:00:00',12),(422,'2026-04-10','OPEN','10:30:00',12),(423,'2026-04-10','OPEN','11:00:00',12),(424,'2026-04-10','OPEN','11:30:00',12),(425,'2026-04-10','OPEN','12:00:00',12),(426,'2026-04-10','OPEN','12:30:00',12),(427,'2026-04-10','OPEN','14:00:00',12),(428,'2026-04-10','OPEN','14:30:00',12),(429,'2026-04-10','OPEN','15:00:00',12),(430,'2026-04-10','OPEN','15:30:00',12),(431,'2026-04-11','OPEN','10:00:00',12),(432,'2026-04-11','OPEN','10:30:00',12),(433,'2026-04-11','OPEN','11:00:00',12),(434,'2026-04-11','OPEN','11:30:00',12),(435,'2026-04-11','OPEN','12:00:00',12),(436,'2026-04-11','OPEN','12:30:00',12),(437,'2026-04-11','OPEN','14:00:00',12),(438,'2026-04-11','OPEN','14:30:00',12),(439,'2026-04-11','OPEN','15:00:00',12),(440,'2026-04-11','OPEN','15:30:00',12),(441,'2026-04-12','OPEN','10:00:00',12),(442,'2026-04-12','OPEN','10:30:00',12),(443,'2026-04-12','OPEN','11:00:00',12),(444,'2026-04-12','OPEN','11:30:00',12),(445,'2026-04-12','OPEN','12:00:00',12),(446,'2026-04-12','OPEN','12:30:00',12),(447,'2026-04-12','OPEN','14:00:00',12),(448,'2026-04-12','OPEN','14:30:00',12),(449,'2026-04-12','OPEN','15:00:00',12),(450,'2026-04-12','OPEN','15:30:00',12),(451,'2026-04-13','OPEN','10:00:00',12),(452,'2026-04-13','OPEN','10:30:00',12),(453,'2026-04-13','OPEN','11:00:00',12),(454,'2026-04-13','OPEN','11:30:00',12),(455,'2026-04-13','OPEN','12:00:00',12),(456,'2026-04-13','OPEN','12:30:00',12),(457,'2026-04-13','OPEN','14:00:00',12),(458,'2026-04-13','OPEN','14:30:00',12),(459,'2026-04-13','OPEN','15:00:00',12),(460,'2026-04-13','OPEN','15:30:00',12),(461,'2026-04-14','OPEN','10:00:00',12),(462,'2026-04-14','OPEN','10:30:00',12),(463,'2026-04-14','OPEN','11:00:00',12),(464,'2026-04-14','OPEN','11:30:00',12),(465,'2026-04-14','OPEN','12:00:00',12),(466,'2026-04-14','OPEN','12:30:00',12),(467,'2026-04-14','OPEN','14:00:00',12),(468,'2026-04-14','OPEN','14:30:00',12),(469,'2026-04-14','OPEN','15:00:00',12),(470,'2026-04-14','OPEN','15:30:00',12),(471,'2026-04-15','OPEN','10:00:00',12),(472,'2026-04-15','OPEN','10:30:00',12),(473,'2026-04-15','OPEN','11:00:00',12),(474,'2026-04-15','OPEN','11:30:00',12),(475,'2026-04-15','OPEN','12:00:00',12),(476,'2026-04-15','OPEN','12:30:00',12),(477,'2026-04-15','OPEN','14:00:00',12),(478,'2026-04-15','OPEN','14:30:00',12),(479,'2026-04-15','OPEN','15:00:00',12),(480,'2026-04-15','OPEN','15:30:00',12),(481,'2026-04-16','OPEN','10:00:00',12),(482,'2026-04-16','OPEN','10:30:00',12),(483,'2026-04-16','OPEN','11:00:00',12),(484,'2026-04-16','OPEN','11:30:00',12),(485,'2026-04-16','OPEN','12:00:00',12),(486,'2026-04-16','OPEN','12:30:00',12),(487,'2026-04-16','OPEN','14:00:00',12),(488,'2026-04-16','OPEN','14:30:00',12),(489,'2026-04-16','OPEN','15:00:00',12),(490,'2026-04-16','OPEN','15:30:00',12),(491,'2026-04-10','OPEN','10:00:00',13),(492,'2026-04-10','OPEN','10:30:00',13),(493,'2026-04-10','OPEN','11:00:00',13),(494,'2026-04-10','OPEN','11:30:00',13),(495,'2026-04-10','OPEN','12:00:00',13),(496,'2026-04-10','OPEN','12:30:00',13),(497,'2026-04-10','OPEN','14:00:00',13),(498,'2026-04-10','OPEN','14:30:00',13),(499,'2026-04-10','OPEN','15:00:00',13),(500,'2026-04-10','OPEN','15:30:00',13),(501,'2026-04-11','OPEN','10:00:00',13),(502,'2026-04-11','OPEN','10:30:00',13),(503,'2026-04-11','OPEN','11:00:00',13),(504,'2026-04-11','OPEN','11:30:00',13),(505,'2026-04-11','OPEN','12:00:00',13),(506,'2026-04-11','OPEN','12:30:00',13),(507,'2026-04-11','OPEN','14:00:00',13),(508,'2026-04-11','OPEN','14:30:00',13),(509,'2026-04-11','OPEN','15:00:00',13),(510,'2026-04-11','OPEN','15:30:00',13),(511,'2026-04-12','OPEN','10:00:00',13),(512,'2026-04-12','OPEN','10:30:00',13),(513,'2026-04-12','OPEN','11:00:00',13),(514,'2026-04-12','OPEN','11:30:00',13),(515,'2026-04-12','OPEN','12:00:00',13),(516,'2026-04-12','OPEN','12:30:00',13),(517,'2026-04-12','OPEN','14:00:00',13),(518,'2026-04-12','OPEN','14:30:00',13),(519,'2026-04-12','OPEN','15:00:00',13),(520,'2026-04-12','OPEN','15:30:00',13),(521,'2026-04-13','OPEN','10:00:00',13),(522,'2026-04-13','OPEN','10:30:00',13),(523,'2026-04-13','OPEN','11:00:00',13),(524,'2026-04-13','OPEN','11:30:00',13),(525,'2026-04-13','OPEN','12:00:00',13),(526,'2026-04-13','OPEN','12:30:00',13),(527,'2026-04-13','OPEN','14:00:00',13),(528,'2026-04-13','OPEN','14:30:00',13),(529,'2026-04-13','OPEN','15:00:00',13),(530,'2026-04-13','OPEN','15:30:00',13),(531,'2026-04-14','OPEN','10:00:00',13),(532,'2026-04-14','OPEN','10:30:00',13),(533,'2026-04-14','OPEN','11:00:00',13),(534,'2026-04-14','OPEN','11:30:00',13),(535,'2026-04-14','OPEN','12:00:00',13),(536,'2026-04-14','OPEN','12:30:00',13),(537,'2026-04-14','OPEN','14:00:00',13),(538,'2026-04-14','OPEN','14:30:00',13),(539,'2026-04-14','OPEN','15:00:00',13),(540,'2026-04-14','OPEN','15:30:00',13),(541,'2026-04-15','OPEN','10:00:00',13),(542,'2026-04-15','OPEN','10:30:00',13),(543,'2026-04-15','OPEN','11:00:00',13),(544,'2026-04-15','OPEN','11:30:00',13),(545,'2026-04-15','OPEN','12:00:00',13),(546,'2026-04-15','OPEN','12:30:00',13),(547,'2026-04-15','OPEN','14:00:00',13),(548,'2026-04-15','OPEN','14:30:00',13),(549,'2026-04-15','OPEN','15:00:00',13),(550,'2026-04-15','OPEN','15:30:00',13),(551,'2026-04-16','OPEN','10:00:00',13),(552,'2026-04-16','OPEN','10:30:00',13),(553,'2026-04-16','OPEN','11:00:00',13),(554,'2026-04-16','OPEN','11:30:00',13),(555,'2026-04-16','OPEN','12:00:00',13),(556,'2026-04-16','OPEN','12:30:00',13),(557,'2026-04-16','OPEN','14:00:00',13),(558,'2026-04-16','OPEN','14:30:00',13),(559,'2026-04-16','OPEN','15:00:00',13),(560,'2026-04-16','OPEN','15:30:00',13),(561,'2026-04-10','OPEN','10:00:00',14),(562,'2026-04-10','OPEN','10:30:00',14),(563,'2026-04-10','OPEN','11:00:00',14),(564,'2026-04-10','OPEN','11:30:00',14),(565,'2026-04-10','OPEN','12:00:00',14),(566,'2026-04-10','OPEN','12:30:00',14),(567,'2026-04-10','OPEN','14:00:00',14),(568,'2026-04-10','OPEN','14:30:00',14),(569,'2026-04-10','BOOKED','15:00:00',14),(570,'2026-04-10','OPEN','15:30:00',14),(571,'2026-04-11','OPEN','10:00:00',14),(572,'2026-04-11','OPEN','10:30:00',14),(573,'2026-04-11','OPEN','11:00:00',14),(574,'2026-04-11','OPEN','11:30:00',14),(575,'2026-04-11','OPEN','12:00:00',14),(576,'2026-04-11','OPEN','12:30:00',14),(577,'2026-04-11','OPEN','14:00:00',14),(578,'2026-04-11','OPEN','14:30:00',14),(579,'2026-04-11','OPEN','15:00:00',14),(580,'2026-04-11','OPEN','15:30:00',14),(581,'2026-04-12','OPEN','10:00:00',14),(582,'2026-04-12','OPEN','10:30:00',14),(583,'2026-04-12','OPEN','11:00:00',14),(584,'2026-04-12','OPEN','11:30:00',14),(585,'2026-04-12','OPEN','12:00:00',14),(586,'2026-04-12','OPEN','12:30:00',14),(587,'2026-04-12','OPEN','14:00:00',14),(588,'2026-04-12','OPEN','14:30:00',14),(589,'2026-04-12','OPEN','15:00:00',14),(590,'2026-04-12','OPEN','15:30:00',14),(591,'2026-04-13','OPEN','10:00:00',14),(592,'2026-04-13','OPEN','10:30:00',14),(593,'2026-04-13','OPEN','11:00:00',14),(594,'2026-04-13','OPEN','11:30:00',14),(595,'2026-04-13','OPEN','12:00:00',14),(596,'2026-04-13','OPEN','12:30:00',14),(597,'2026-04-13','OPEN','14:00:00',14),(598,'2026-04-13','OPEN','14:30:00',14),(599,'2026-04-13','OPEN','15:00:00',14),(600,'2026-04-13','OPEN','15:30:00',14),(601,'2026-04-14','OPEN','10:00:00',14),(602,'2026-04-14','OPEN','10:30:00',14),(603,'2026-04-14','OPEN','11:00:00',14),(604,'2026-04-14','OPEN','11:30:00',14),(605,'2026-04-14','OPEN','12:00:00',14),(606,'2026-04-14','BOOKED','12:30:00',14),(607,'2026-04-14','OPEN','14:00:00',14),(608,'2026-04-14','OPEN','14:30:00',14),(609,'2026-04-14','OPEN','15:00:00',14),(610,'2026-04-14','OPEN','15:30:00',14),(611,'2026-04-15','OPEN','10:00:00',14),(612,'2026-04-15','OPEN','10:30:00',14),(613,'2026-04-15','OPEN','11:00:00',14),(614,'2026-04-15','OPEN','11:30:00',14),(615,'2026-04-15','OPEN','12:00:00',14),(616,'2026-04-15','OPEN','12:30:00',14),(617,'2026-04-15','OPEN','14:00:00',14),(618,'2026-04-15','OPEN','14:30:00',14),(619,'2026-04-15','OPEN','15:00:00',14),(620,'2026-04-15','OPEN','15:30:00',14),(621,'2026-04-16','OPEN','10:00:00',14),(622,'2026-04-16','OPEN','10:30:00',14),(623,'2026-04-16','OPEN','11:00:00',14),(624,'2026-04-16','OPEN','11:30:00',14),(625,'2026-04-16','OPEN','12:00:00',14),(626,'2026-04-16','OPEN','12:30:00',14),(627,'2026-04-16','OPEN','14:00:00',14),(628,'2026-04-16','OPEN','14:30:00',14),(629,'2026-04-16','OPEN','15:00:00',14),(630,'2026-04-16','OPEN','15:30:00',14),(631,'2026-04-17','OPEN','10:00:00',6),(632,'2026-04-17','OPEN','10:30:00',6),(633,'2026-04-17','OPEN','11:00:00',6),(634,'2026-04-17','OPEN','11:30:00',6),(635,'2026-04-17','OPEN','12:00:00',6),(636,'2026-04-17','OPEN','12:30:00',6),(637,'2026-04-17','OPEN','14:00:00',6),(638,'2026-04-17','OPEN','14:30:00',6),(639,'2026-04-17','OPEN','15:00:00',6),(640,'2026-04-17','OPEN','15:30:00',6),(641,'2026-04-18','OPEN','10:00:00',6),(642,'2026-04-18','OPEN','10:30:00',6),(643,'2026-04-18','OPEN','11:00:00',6),(644,'2026-04-18','OPEN','11:30:00',6),(645,'2026-04-18','OPEN','12:00:00',6),(646,'2026-04-18','OPEN','12:30:00',6),(647,'2026-04-18','OPEN','14:00:00',6),(648,'2026-04-18','OPEN','14:30:00',6),(649,'2026-04-18','OPEN','15:00:00',6),(650,'2026-04-18','OPEN','15:30:00',6),(651,'2026-04-19','OPEN','10:00:00',6),(652,'2026-04-19','OPEN','10:30:00',6),(653,'2026-04-19','OPEN','11:00:00',6),(654,'2026-04-19','OPEN','11:30:00',6),(655,'2026-04-19','OPEN','12:00:00',6),(656,'2026-04-19','OPEN','12:30:00',6),(657,'2026-04-19','OPEN','14:00:00',6),(658,'2026-04-19','OPEN','14:30:00',6),(659,'2026-04-19','OPEN','15:00:00',6),(660,'2026-04-19','OPEN','15:30:00',6),(661,'2026-04-20','OPEN','10:00:00',6),(662,'2026-04-20','OPEN','10:30:00',6),(663,'2026-04-20','OPEN','11:00:00',6),(664,'2026-04-20','OPEN','11:30:00',6),(665,'2026-04-20','OPEN','12:00:00',6),(666,'2026-04-20','OPEN','12:30:00',6),(667,'2026-04-20','OPEN','14:00:00',6),(668,'2026-04-20','OPEN','14:30:00',6),(669,'2026-04-20','OPEN','15:00:00',6),(670,'2026-04-20','OPEN','15:30:00',6),(671,'2026-04-21','OPEN','10:00:00',6),(672,'2026-04-21','OPEN','10:30:00',6),(673,'2026-04-21','OPEN','11:00:00',6),(674,'2026-04-21','OPEN','11:30:00',6),(675,'2026-04-21','OPEN','12:00:00',6),(676,'2026-04-21','OPEN','12:30:00',6),(677,'2026-04-21','OPEN','14:00:00',6),(678,'2026-04-21','OPEN','14:30:00',6),(679,'2026-04-21','OPEN','15:00:00',6),(680,'2026-04-21','OPEN','15:30:00',6),(681,'2026-04-22','OPEN','10:00:00',6),(682,'2026-04-22','OPEN','10:30:00',6),(683,'2026-04-22','OPEN','11:00:00',6),(684,'2026-04-22','OPEN','11:30:00',6),(685,'2026-04-22','OPEN','12:00:00',6),(686,'2026-04-22','OPEN','12:30:00',6),(687,'2026-04-22','OPEN','14:00:00',6),(688,'2026-04-22','OPEN','14:30:00',6),(689,'2026-04-22','OPEN','15:00:00',6),(690,'2026-04-22','OPEN','15:30:00',6),(691,'2026-04-17','OPEN','10:00:00',7),(692,'2026-04-17','OPEN','10:30:00',7),(693,'2026-04-17','OPEN','11:00:00',7),(694,'2026-04-17','OPEN','11:30:00',7),(695,'2026-04-17','OPEN','12:00:00',7),(696,'2026-04-17','OPEN','12:30:00',7),(697,'2026-04-17','OPEN','14:00:00',7),(698,'2026-04-17','OPEN','14:30:00',7),(699,'2026-04-17','OPEN','15:00:00',7),(700,'2026-04-17','OPEN','15:30:00',7),(701,'2026-04-18','OPEN','10:00:00',7),(702,'2026-04-18','OPEN','10:30:00',7),(703,'2026-04-18','OPEN','11:00:00',7),(704,'2026-04-18','OPEN','11:30:00',7),(705,'2026-04-18','OPEN','12:00:00',7),(706,'2026-04-18','OPEN','12:30:00',7),(707,'2026-04-18','OPEN','14:00:00',7),(708,'2026-04-18','OPEN','14:30:00',7),(709,'2026-04-18','OPEN','15:00:00',7),(710,'2026-04-18','OPEN','15:30:00',7),(711,'2026-04-19','OPEN','10:00:00',7),(712,'2026-04-19','OPEN','10:30:00',7),(713,'2026-04-19','OPEN','11:00:00',7),(714,'2026-04-19','OPEN','11:30:00',7),(715,'2026-04-19','OPEN','12:00:00',7),(716,'2026-04-19','OPEN','12:30:00',7),(717,'2026-04-19','OPEN','14:00:00',7),(718,'2026-04-19','OPEN','14:30:00',7),(719,'2026-04-19','OPEN','15:00:00',7),(720,'2026-04-19','OPEN','15:30:00',7),(721,'2026-04-20','OPEN','10:00:00',7),(722,'2026-04-20','OPEN','10:30:00',7),(723,'2026-04-20','OPEN','11:00:00',7),(724,'2026-04-20','OPEN','11:30:00',7),(725,'2026-04-20','OPEN','12:00:00',7),(726,'2026-04-20','OPEN','12:30:00',7),(727,'2026-04-20','OPEN','14:00:00',7),(728,'2026-04-20','OPEN','14:30:00',7),(729,'2026-04-20','OPEN','15:00:00',7),(730,'2026-04-20','OPEN','15:30:00',7),(731,'2026-04-21','OPEN','10:00:00',7),(732,'2026-04-21','OPEN','10:30:00',7),(733,'2026-04-21','OPEN','11:00:00',7),(734,'2026-04-21','OPEN','11:30:00',7),(735,'2026-04-21','OPEN','12:00:00',7),(736,'2026-04-21','OPEN','12:30:00',7),(737,'2026-04-21','OPEN','14:00:00',7),(738,'2026-04-21','OPEN','14:30:00',7),(739,'2026-04-21','OPEN','15:00:00',7),(740,'2026-04-21','OPEN','15:30:00',7),(741,'2026-04-22','OPEN','10:00:00',7),(742,'2026-04-22','OPEN','10:30:00',7),(743,'2026-04-22','OPEN','11:00:00',7),(744,'2026-04-22','OPEN','11:30:00',7),(745,'2026-04-22','OPEN','12:00:00',7),(746,'2026-04-22','OPEN','12:30:00',7),(747,'2026-04-22','OPEN','14:00:00',7),(748,'2026-04-22','OPEN','14:30:00',7),(749,'2026-04-22','OPEN','15:00:00',7),(750,'2026-04-22','OPEN','15:30:00',7),(751,'2026-04-17','OPEN','10:00:00',8),(752,'2026-04-17','OPEN','10:30:00',8),(753,'2026-04-17','OPEN','11:00:00',8),(754,'2026-04-17','OPEN','11:30:00',8),(755,'2026-04-17','OPEN','12:00:00',8),(756,'2026-04-17','OPEN','12:30:00',8),(757,'2026-04-17','OPEN','14:00:00',8),(758,'2026-04-17','OPEN','14:30:00',8),(759,'2026-04-17','OPEN','15:00:00',8),(760,'2026-04-17','OPEN','15:30:00',8),(761,'2026-04-18','OPEN','10:00:00',8),(762,'2026-04-18','OPEN','10:30:00',8),(763,'2026-04-18','OPEN','11:00:00',8),(764,'2026-04-18','OPEN','11:30:00',8),(765,'2026-04-18','OPEN','12:00:00',8),(766,'2026-04-18','OPEN','12:30:00',8),(767,'2026-04-18','OPEN','14:00:00',8),(768,'2026-04-18','OPEN','14:30:00',8),(769,'2026-04-18','OPEN','15:00:00',8),(770,'2026-04-18','OPEN','15:30:00',8),(771,'2026-04-19','OPEN','10:00:00',8),(772,'2026-04-19','OPEN','10:30:00',8),(773,'2026-04-19','OPEN','11:00:00',8),(774,'2026-04-19','OPEN','11:30:00',8),(775,'2026-04-19','OPEN','12:00:00',8),(776,'2026-04-19','OPEN','12:30:00',8),(777,'2026-04-19','OPEN','14:00:00',8),(778,'2026-04-19','OPEN','14:30:00',8),(779,'2026-04-19','OPEN','15:00:00',8),(780,'2026-04-19','OPEN','15:30:00',8),(781,'2026-04-20','OPEN','10:00:00',8),(782,'2026-04-20','OPEN','10:30:00',8),(783,'2026-04-20','OPEN','11:00:00',8),(784,'2026-04-20','OPEN','11:30:00',8),(785,'2026-04-20','OPEN','12:00:00',8),(786,'2026-04-20','OPEN','12:30:00',8),(787,'2026-04-20','OPEN','14:00:00',8),(788,'2026-04-20','OPEN','14:30:00',8),(789,'2026-04-20','OPEN','15:00:00',8),(790,'2026-04-20','OPEN','15:30:00',8),(791,'2026-04-21','OPEN','10:00:00',8),(792,'2026-04-21','OPEN','10:30:00',8),(793,'2026-04-21','OPEN','11:00:00',8),(794,'2026-04-21','OPEN','11:30:00',8),(795,'2026-04-21','OPEN','12:00:00',8),(796,'2026-04-21','OPEN','12:30:00',8),(797,'2026-04-21','OPEN','14:00:00',8),(798,'2026-04-21','OPEN','14:30:00',8),(799,'2026-04-21','OPEN','15:00:00',8),(800,'2026-04-21','OPEN','15:30:00',8),(801,'2026-04-22','OPEN','10:00:00',8),(802,'2026-04-22','OPEN','10:30:00',8),(803,'2026-04-22','OPEN','11:00:00',8),(804,'2026-04-22','OPEN','11:30:00',8),(805,'2026-04-22','OPEN','12:00:00',8),(806,'2026-04-22','OPEN','12:30:00',8),(807,'2026-04-22','OPEN','14:00:00',8),(808,'2026-04-22','OPEN','14:30:00',8),(809,'2026-04-22','OPEN','15:00:00',8),(810,'2026-04-22','OPEN','15:30:00',8),(811,'2026-04-17','OPEN','10:00:00',9),(812,'2026-04-17','OPEN','10:30:00',9),(813,'2026-04-17','OPEN','11:00:00',9),(814,'2026-04-17','OPEN','11:30:00',9),(815,'2026-04-17','OPEN','12:00:00',9),(816,'2026-04-17','OPEN','12:30:00',9),(817,'2026-04-17','OPEN','14:00:00',9),(818,'2026-04-17','OPEN','14:30:00',9),(819,'2026-04-17','OPEN','15:00:00',9),(820,'2026-04-17','OPEN','15:30:00',9),(821,'2026-04-18','OPEN','10:00:00',9),(822,'2026-04-18','OPEN','10:30:00',9),(823,'2026-04-18','OPEN','11:00:00',9),(824,'2026-04-18','OPEN','11:30:00',9),(825,'2026-04-18','OPEN','12:00:00',9),(826,'2026-04-18','OPEN','12:30:00',9),(827,'2026-04-18','OPEN','14:00:00',9),(828,'2026-04-18','OPEN','14:30:00',9),(829,'2026-04-18','OPEN','15:00:00',9),(830,'2026-04-18','OPEN','15:30:00',9),(831,'2026-04-19','OPEN','10:00:00',9),(832,'2026-04-19','OPEN','10:30:00',9),(833,'2026-04-19','OPEN','11:00:00',9),(834,'2026-04-19','OPEN','11:30:00',9),(835,'2026-04-19','OPEN','12:00:00',9),(836,'2026-04-19','OPEN','12:30:00',9),(837,'2026-04-19','OPEN','14:00:00',9),(838,'2026-04-19','OPEN','14:30:00',9),(839,'2026-04-19','OPEN','15:00:00',9),(840,'2026-04-19','OPEN','15:30:00',9),(841,'2026-04-20','OPEN','10:00:00',9),(842,'2026-04-20','OPEN','10:30:00',9),(843,'2026-04-20','OPEN','11:00:00',9),(844,'2026-04-20','OPEN','11:30:00',9),(845,'2026-04-20','OPEN','12:00:00',9),(846,'2026-04-20','OPEN','12:30:00',9),(847,'2026-04-20','OPEN','14:00:00',9),(848,'2026-04-20','OPEN','14:30:00',9),(849,'2026-04-20','OPEN','15:00:00',9),(850,'2026-04-20','OPEN','15:30:00',9),(851,'2026-04-21','OPEN','10:00:00',9),(852,'2026-04-21','OPEN','10:30:00',9),(853,'2026-04-21','OPEN','11:00:00',9),(854,'2026-04-21','OPEN','11:30:00',9),(855,'2026-04-21','OPEN','12:00:00',9),(856,'2026-04-21','OPEN','12:30:00',9),(857,'2026-04-21','OPEN','14:00:00',9),(858,'2026-04-21','OPEN','14:30:00',9),(859,'2026-04-21','OPEN','15:00:00',9),(860,'2026-04-21','OPEN','15:30:00',9),(861,'2026-04-22','OPEN','10:00:00',9),(862,'2026-04-22','OPEN','10:30:00',9),(863,'2026-04-22','OPEN','11:00:00',9),(864,'2026-04-22','OPEN','11:30:00',9),(865,'2026-04-22','OPEN','12:00:00',9),(866,'2026-04-22','OPEN','12:30:00',9),(867,'2026-04-22','OPEN','14:00:00',9),(868,'2026-04-22','OPEN','14:30:00',9),(869,'2026-04-22','OPEN','15:00:00',9),(870,'2026-04-22','OPEN','15:30:00',9),(871,'2026-04-17','OPEN','10:00:00',10),(872,'2026-04-17','OPEN','10:30:00',10),(873,'2026-04-17','OPEN','11:00:00',10),(874,'2026-04-17','OPEN','11:30:00',10),(875,'2026-04-17','OPEN','12:00:00',10),(876,'2026-04-17','OPEN','12:30:00',10),(877,'2026-04-17','OPEN','14:00:00',10),(878,'2026-04-17','OPEN','14:30:00',10),(879,'2026-04-17','OPEN','15:00:00',10),(880,'2026-04-17','OPEN','15:30:00',10),(881,'2026-04-18','OPEN','10:00:00',10),(882,'2026-04-18','OPEN','10:30:00',10),(883,'2026-04-18','OPEN','11:00:00',10),(884,'2026-04-18','OPEN','11:30:00',10),(885,'2026-04-18','OPEN','12:00:00',10),(886,'2026-04-18','OPEN','12:30:00',10),(887,'2026-04-18','OPEN','14:00:00',10),(888,'2026-04-18','OPEN','14:30:00',10),(889,'2026-04-18','OPEN','15:00:00',10),(890,'2026-04-18','OPEN','15:30:00',10),(891,'2026-04-19','OPEN','10:00:00',10),(892,'2026-04-19','OPEN','10:30:00',10),(893,'2026-04-19','OPEN','11:00:00',10),(894,'2026-04-19','OPEN','11:30:00',10),(895,'2026-04-19','OPEN','12:00:00',10),(896,'2026-04-19','OPEN','12:30:00',10),(897,'2026-04-19','OPEN','14:00:00',10),(898,'2026-04-19','BOOKED','14:30:00',10),(899,'2026-04-19','OPEN','15:00:00',10),(900,'2026-04-19','OPEN','15:30:00',10),(901,'2026-04-20','OPEN','10:00:00',10),(902,'2026-04-20','OPEN','10:30:00',10),(903,'2026-04-20','OPEN','11:00:00',10),(904,'2026-04-20','OPEN','11:30:00',10),(905,'2026-04-20','OPEN','12:00:00',10),(906,'2026-04-20','OPEN','12:30:00',10),(907,'2026-04-20','OPEN','14:00:00',10),(908,'2026-04-20','OPEN','14:30:00',10),(909,'2026-04-20','OPEN','15:00:00',10),(910,'2026-04-20','OPEN','15:30:00',10),(911,'2026-04-21','OPEN','10:00:00',10),(912,'2026-04-21','OPEN','10:30:00',10),(913,'2026-04-21','OPEN','11:00:00',10),(914,'2026-04-21','OPEN','11:30:00',10),(915,'2026-04-21','OPEN','12:00:00',10),(916,'2026-04-21','OPEN','12:30:00',10),(917,'2026-04-21','OPEN','14:00:00',10),(918,'2026-04-21','OPEN','14:30:00',10),(919,'2026-04-21','OPEN','15:00:00',10),(920,'2026-04-21','OPEN','15:30:00',10),(921,'2026-04-22','OPEN','10:00:00',10),(922,'2026-04-22','OPEN','10:30:00',10),(923,'2026-04-22','OPEN','11:00:00',10),(924,'2026-04-22','OPEN','11:30:00',10),(925,'2026-04-22','OPEN','12:00:00',10),(926,'2026-04-22','OPEN','12:30:00',10),(927,'2026-04-22','OPEN','14:00:00',10),(928,'2026-04-22','OPEN','14:30:00',10),(929,'2026-04-22','OPEN','15:00:00',10),(930,'2026-04-22','OPEN','15:30:00',10),(931,'2026-04-17','OPEN','10:00:00',11),(932,'2026-04-17','OPEN','10:30:00',11),(933,'2026-04-17','OPEN','11:00:00',11),(934,'2026-04-17','OPEN','11:30:00',11),(935,'2026-04-17','OPEN','12:00:00',11),(936,'2026-04-17','OPEN','12:30:00',11),(937,'2026-04-17','OPEN','14:00:00',11),(938,'2026-04-17','OPEN','14:30:00',11),(939,'2026-04-17','OPEN','15:00:00',11),(940,'2026-04-17','OPEN','15:30:00',11),(941,'2026-04-18','OPEN','10:00:00',11),(942,'2026-04-18','OPEN','10:30:00',11),(943,'2026-04-18','OPEN','11:00:00',11),(944,'2026-04-18','OPEN','11:30:00',11),(945,'2026-04-18','OPEN','12:00:00',11),(946,'2026-04-18','OPEN','12:30:00',11),(947,'2026-04-18','OPEN','14:00:00',11),(948,'2026-04-18','OPEN','14:30:00',11),(949,'2026-04-18','OPEN','15:00:00',11),(950,'2026-04-18','OPEN','15:30:00',11),(951,'2026-04-19','OPEN','10:00:00',11),(952,'2026-04-19','OPEN','10:30:00',11),(953,'2026-04-19','OPEN','11:00:00',11),(954,'2026-04-19','OPEN','11:30:00',11),(955,'2026-04-19','OPEN','12:00:00',11),(956,'2026-04-19','OPEN','12:30:00',11),(957,'2026-04-19','OPEN','14:00:00',11),(958,'2026-04-19','OPEN','14:30:00',11),(959,'2026-04-19','OPEN','15:00:00',11),(960,'2026-04-19','OPEN','15:30:00',11),(961,'2026-04-20','OPEN','10:00:00',11),(962,'2026-04-20','OPEN','10:30:00',11),(963,'2026-04-20','OPEN','11:00:00',11),(964,'2026-04-20','OPEN','11:30:00',11),(965,'2026-04-20','OPEN','12:00:00',11),(966,'2026-04-20','OPEN','12:30:00',11),(967,'2026-04-20','OPEN','14:00:00',11),(968,'2026-04-20','OPEN','14:30:00',11),(969,'2026-04-20','OPEN','15:00:00',11),(970,'2026-04-20','OPEN','15:30:00',11),(971,'2026-04-21','OPEN','10:00:00',11),(972,'2026-04-21','OPEN','10:30:00',11),(973,'2026-04-21','OPEN','11:00:00',11),(974,'2026-04-21','OPEN','11:30:00',11),(975,'2026-04-21','OPEN','12:00:00',11),(976,'2026-04-21','OPEN','12:30:00',11),(977,'2026-04-21','OPEN','14:00:00',11),(978,'2026-04-21','OPEN','14:30:00',11),(979,'2026-04-21','OPEN','15:00:00',11),(980,'2026-04-21','OPEN','15:30:00',11),(981,'2026-04-22','OPEN','10:00:00',11),(982,'2026-04-22','OPEN','10:30:00',11),(983,'2026-04-22','OPEN','11:00:00',11),(984,'2026-04-22','OPEN','11:30:00',11),(985,'2026-04-22','OPEN','12:00:00',11),(986,'2026-04-22','OPEN','12:30:00',11),(987,'2026-04-22','OPEN','14:00:00',11),(988,'2026-04-22','OPEN','14:30:00',11),(989,'2026-04-22','OPEN','15:00:00',11),(990,'2026-04-22','OPEN','15:30:00',11),(991,'2026-04-17','OPEN','10:00:00',12),(992,'2026-04-17','OPEN','10:30:00',12),(993,'2026-04-17','OPEN','11:00:00',12),(994,'2026-04-17','OPEN','11:30:00',12),(995,'2026-04-17','OPEN','12:00:00',12),(996,'2026-04-17','OPEN','12:30:00',12),(997,'2026-04-17','OPEN','14:00:00',12),(998,'2026-04-17','OPEN','14:30:00',12),(999,'2026-04-17','OPEN','15:00:00',12),(1000,'2026-04-17','OPEN','15:30:00',12),(1001,'2026-04-18','OPEN','10:00:00',12),(1002,'2026-04-18','OPEN','10:30:00',12),(1003,'2026-04-18','OPEN','11:00:00',12),(1004,'2026-04-18','OPEN','11:30:00',12),(1005,'2026-04-18','OPEN','12:00:00',12),(1006,'2026-04-18','OPEN','12:30:00',12),(1007,'2026-04-18','OPEN','14:00:00',12),(1008,'2026-04-18','OPEN','14:30:00',12),(1009,'2026-04-18','OPEN','15:00:00',12),(1010,'2026-04-18','OPEN','15:30:00',12),(1011,'2026-04-19','OPEN','10:00:00',12),(1012,'2026-04-19','OPEN','10:30:00',12),(1013,'2026-04-19','OPEN','11:00:00',12),(1014,'2026-04-19','OPEN','11:30:00',12),(1015,'2026-04-19','OPEN','12:00:00',12),(1016,'2026-04-19','OPEN','12:30:00',12),(1017,'2026-04-19','OPEN','14:00:00',12),(1018,'2026-04-19','OPEN','14:30:00',12),(1019,'2026-04-19','OPEN','15:00:00',12),(1020,'2026-04-19','OPEN','15:30:00',12),(1021,'2026-04-20','OPEN','10:00:00',12),(1022,'2026-04-20','OPEN','10:30:00',12),(1023,'2026-04-20','OPEN','11:00:00',12),(1024,'2026-04-20','OPEN','11:30:00',12),(1025,'2026-04-20','OPEN','12:00:00',12),(1026,'2026-04-20','OPEN','12:30:00',12),(1027,'2026-04-20','OPEN','14:00:00',12),(1028,'2026-04-20','OPEN','14:30:00',12),(1029,'2026-04-20','OPEN','15:00:00',12),(1030,'2026-04-20','OPEN','15:30:00',12),(1031,'2026-04-21','OPEN','10:00:00',12),(1032,'2026-04-21','OPEN','10:30:00',12),(1033,'2026-04-21','OPEN','11:00:00',12),(1034,'2026-04-21','OPEN','11:30:00',12),(1035,'2026-04-21','OPEN','12:00:00',12),(1036,'2026-04-21','OPEN','12:30:00',12),(1037,'2026-04-21','OPEN','14:00:00',12),(1038,'2026-04-21','OPEN','14:30:00',12),(1039,'2026-04-21','OPEN','15:00:00',12),(1040,'2026-04-21','OPEN','15:30:00',12),(1041,'2026-04-22','OPEN','10:00:00',12),(1042,'2026-04-22','OPEN','10:30:00',12),(1043,'2026-04-22','OPEN','11:00:00',12),(1044,'2026-04-22','OPEN','11:30:00',12),(1045,'2026-04-22','OPEN','12:00:00',12),(1046,'2026-04-22','OPEN','12:30:00',12),(1047,'2026-04-22','OPEN','14:00:00',12),(1048,'2026-04-22','OPEN','14:30:00',12),(1049,'2026-04-22','OPEN','15:00:00',12),(1050,'2026-04-22','OPEN','15:30:00',12),(1051,'2026-04-17','OPEN','10:00:00',13),(1052,'2026-04-17','OPEN','10:30:00',13),(1053,'2026-04-17','OPEN','11:00:00',13),(1054,'2026-04-17','OPEN','11:30:00',13),(1055,'2026-04-17','OPEN','12:00:00',13),(1056,'2026-04-17','OPEN','12:30:00',13),(1057,'2026-04-17','OPEN','14:00:00',13),(1058,'2026-04-17','OPEN','14:30:00',13),(1059,'2026-04-17','OPEN','15:00:00',13),(1060,'2026-04-17','OPEN','15:30:00',13),(1061,'2026-04-18','OPEN','10:00:00',13),(1062,'2026-04-18','OPEN','10:30:00',13),(1063,'2026-04-18','OPEN','11:00:00',13),(1064,'2026-04-18','OPEN','11:30:00',13),(1065,'2026-04-18','OPEN','12:00:00',13),(1066,'2026-04-18','OPEN','12:30:00',13),(1067,'2026-04-18','OPEN','14:00:00',13),(1068,'2026-04-18','OPEN','14:30:00',13),(1069,'2026-04-18','OPEN','15:00:00',13),(1070,'2026-04-18','OPEN','15:30:00',13),(1071,'2026-04-19','OPEN','10:00:00',13),(1072,'2026-04-19','OPEN','10:30:00',13),(1073,'2026-04-19','OPEN','11:00:00',13),(1074,'2026-04-19','OPEN','11:30:00',13),(1075,'2026-04-19','OPEN','12:00:00',13),(1076,'2026-04-19','OPEN','12:30:00',13),(1077,'2026-04-19','OPEN','14:00:00',13),(1078,'2026-04-19','OPEN','14:30:00',13),(1079,'2026-04-19','OPEN','15:00:00',13),(1080,'2026-04-19','OPEN','15:30:00',13),(1081,'2026-04-20','OPEN','10:00:00',13),(1082,'2026-04-20','OPEN','10:30:00',13),(1083,'2026-04-20','OPEN','11:00:00',13),(1084,'2026-04-20','OPEN','11:30:00',13),(1085,'2026-04-20','OPEN','12:00:00',13),(1086,'2026-04-20','OPEN','12:30:00',13),(1087,'2026-04-20','OPEN','14:00:00',13),(1088,'2026-04-20','OPEN','14:30:00',13),(1089,'2026-04-20','OPEN','15:00:00',13),(1090,'2026-04-20','OPEN','15:30:00',13),(1091,'2026-04-21','OPEN','10:00:00',13),(1092,'2026-04-21','OPEN','10:30:00',13),(1093,'2026-04-21','OPEN','11:00:00',13),(1094,'2026-04-21','OPEN','11:30:00',13),(1095,'2026-04-21','OPEN','12:00:00',13),(1096,'2026-04-21','OPEN','12:30:00',13),(1097,'2026-04-21','OPEN','14:00:00',13),(1098,'2026-04-21','OPEN','14:30:00',13),(1099,'2026-04-21','OPEN','15:00:00',13),(1100,'2026-04-21','OPEN','15:30:00',13),(1101,'2026-04-22','OPEN','10:00:00',13),(1102,'2026-04-22','OPEN','10:30:00',13),(1103,'2026-04-22','OPEN','11:00:00',13),(1104,'2026-04-22','OPEN','11:30:00',13),(1105,'2026-04-22','OPEN','12:00:00',13),(1106,'2026-04-22','OPEN','12:30:00',13),(1107,'2026-04-22','OPEN','14:00:00',13),(1108,'2026-04-22','OPEN','14:30:00',13),(1109,'2026-04-22','OPEN','15:00:00',13),(1110,'2026-04-22','OPEN','15:30:00',13),(1111,'2026-04-17','OPEN','10:00:00',14),(1112,'2026-04-17','OPEN','10:30:00',14),(1113,'2026-04-17','OPEN','11:00:00',14),(1114,'2026-04-17','OPEN','11:30:00',14),(1115,'2026-04-17','OPEN','12:00:00',14),(1116,'2026-04-17','OPEN','12:30:00',14),(1117,'2026-04-17','OPEN','14:00:00',14),(1118,'2026-04-17','OPEN','14:30:00',14),(1119,'2026-04-17','OPEN','15:00:00',14),(1120,'2026-04-17','OPEN','15:30:00',14),(1121,'2026-04-18','OPEN','10:00:00',14),(1122,'2026-04-18','OPEN','10:30:00',14),(1123,'2026-04-18','OPEN','11:00:00',14),(1124,'2026-04-18','OPEN','11:30:00',14),(1125,'2026-04-18','OPEN','12:00:00',14),(1126,'2026-04-18','OPEN','12:30:00',14),(1127,'2026-04-18','OPEN','14:00:00',14),(1128,'2026-04-18','OPEN','14:30:00',14),(1129,'2026-04-18','OPEN','15:00:00',14),(1130,'2026-04-18','OPEN','15:30:00',14),(1131,'2026-04-19','OPEN','10:00:00',14),(1132,'2026-04-19','OPEN','10:30:00',14),(1133,'2026-04-19','OPEN','11:00:00',14),(1134,'2026-04-19','OPEN','11:30:00',14),(1135,'2026-04-19','OPEN','12:00:00',14),(1136,'2026-04-19','OPEN','12:30:00',14),(1137,'2026-04-19','OPEN','14:00:00',14),(1138,'2026-04-19','OPEN','14:30:00',14),(1139,'2026-04-19','OPEN','15:00:00',14),(1140,'2026-04-19','OPEN','15:30:00',14),(1141,'2026-04-20','OPEN','10:00:00',14),(1142,'2026-04-20','OPEN','10:30:00',14),(1143,'2026-04-20','OPEN','11:00:00',14),(1144,'2026-04-20','OPEN','11:30:00',14),(1145,'2026-04-20','OPEN','12:00:00',14),(1146,'2026-04-20','OPEN','12:30:00',14),(1147,'2026-04-20','OPEN','14:00:00',14),(1148,'2026-04-20','OPEN','14:30:00',14),(1149,'2026-04-20','OPEN','15:00:00',14),(1150,'2026-04-20','OPEN','15:30:00',14),(1151,'2026-04-21','OPEN','10:00:00',14),(1152,'2026-04-21','OPEN','10:30:00',14),(1153,'2026-04-21','OPEN','11:00:00',14),(1154,'2026-04-21','OPEN','11:30:00',14),(1155,'2026-04-21','OPEN','12:00:00',14),(1156,'2026-04-21','OPEN','12:30:00',14),(1157,'2026-04-21','OPEN','14:00:00',14),(1158,'2026-04-21','OPEN','14:30:00',14),(1159,'2026-04-21','OPEN','15:00:00',14),(1160,'2026-04-21','OPEN','15:30:00',14),(1161,'2026-04-22','OPEN','10:00:00',14),(1162,'2026-04-22','OPEN','10:30:00',14),(1163,'2026-04-22','OPEN','11:00:00',14),(1164,'2026-04-22','OPEN','11:30:00',14),(1165,'2026-04-22','OPEN','12:00:00',14),(1166,'2026-04-22','OPEN','12:30:00',14),(1167,'2026-04-22','OPEN','14:00:00',14),(1168,'2026-04-22','OPEN','14:30:00',14),(1169,'2026-04-22','OPEN','15:00:00',14),(1170,'2026-04-22','OPEN','15:30:00',14),(1171,'2026-04-23','OPEN','10:00:00',6),(1172,'2026-04-23','OPEN','10:30:00',6),(1173,'2026-04-23','OPEN','11:00:00',6),(1174,'2026-04-23','OPEN','11:30:00',6),(1175,'2026-04-23','OPEN','12:00:00',6),(1176,'2026-04-23','OPEN','12:30:00',6),(1177,'2026-04-23','OPEN','14:00:00',6),(1178,'2026-04-23','OPEN','14:30:00',6),(1179,'2026-04-23','OPEN','15:00:00',6),(1180,'2026-04-23','OPEN','15:30:00',6),(1181,'2026-04-23','OPEN','10:00:00',7),(1182,'2026-04-23','OPEN','10:30:00',7),(1183,'2026-04-23','OPEN','11:00:00',7),(1184,'2026-04-23','OPEN','11:30:00',7),(1185,'2026-04-23','OPEN','12:00:00',7),(1186,'2026-04-23','OPEN','12:30:00',7),(1187,'2026-04-23','OPEN','14:00:00',7),(1188,'2026-04-23','OPEN','14:30:00',7),(1189,'2026-04-23','OPEN','15:00:00',7),(1190,'2026-04-23','OPEN','15:30:00',7),(1191,'2026-04-23','OPEN','10:00:00',8),(1192,'2026-04-23','OPEN','10:30:00',8),(1193,'2026-04-23','OPEN','11:00:00',8),(1194,'2026-04-23','OPEN','11:30:00',8),(1195,'2026-04-23','OPEN','12:00:00',8),(1196,'2026-04-23','OPEN','12:30:00',8),(1197,'2026-04-23','OPEN','14:00:00',8),(1198,'2026-04-23','OPEN','14:30:00',8),(1199,'2026-04-23','OPEN','15:00:00',8),(1200,'2026-04-23','OPEN','15:30:00',8),(1201,'2026-04-23','OPEN','10:00:00',9),(1202,'2026-04-23','OPEN','10:30:00',9),(1203,'2026-04-23','OPEN','11:00:00',9),(1204,'2026-04-23','OPEN','11:30:00',9),(1205,'2026-04-23','OPEN','12:00:00',9),(1206,'2026-04-23','OPEN','12:30:00',9),(1207,'2026-04-23','OPEN','14:00:00',9),(1208,'2026-04-23','OPEN','14:30:00',9),(1209,'2026-04-23','OPEN','15:00:00',9),(1210,'2026-04-23','OPEN','15:30:00',9),(1211,'2026-04-23','OPEN','10:00:00',10),(1212,'2026-04-23','OPEN','10:30:00',10),(1213,'2026-04-23','OPEN','11:00:00',10),(1214,'2026-04-23','OPEN','11:30:00',10),(1215,'2026-04-23','OPEN','12:00:00',10),(1216,'2026-04-23','OPEN','12:30:00',10),(1217,'2026-04-23','OPEN','14:00:00',10),(1218,'2026-04-23','OPEN','14:30:00',10),(1219,'2026-04-23','OPEN','15:00:00',10),(1220,'2026-04-23','OPEN','15:30:00',10),(1221,'2026-04-23','OPEN','10:00:00',11),(1222,'2026-04-23','OPEN','10:30:00',11),(1223,'2026-04-23','OPEN','11:00:00',11),(1224,'2026-04-23','OPEN','11:30:00',11),(1225,'2026-04-23','OPEN','12:00:00',11),(1226,'2026-04-23','OPEN','12:30:00',11),(1227,'2026-04-23','OPEN','14:00:00',11),(1228,'2026-04-23','OPEN','14:30:00',11),(1229,'2026-04-23','OPEN','15:00:00',11),(1230,'2026-04-23','OPEN','15:30:00',11),(1231,'2026-04-23','OPEN','10:00:00',12),(1232,'2026-04-23','OPEN','10:30:00',12),(1233,'2026-04-23','OPEN','11:00:00',12),(1234,'2026-04-23','OPEN','11:30:00',12),(1235,'2026-04-23','OPEN','12:00:00',12),(1236,'2026-04-23','OPEN','12:30:00',12),(1237,'2026-04-23','OPEN','14:00:00',12),(1238,'2026-04-23','OPEN','14:30:00',12),(1239,'2026-04-23','OPEN','15:00:00',12),(1240,'2026-04-23','OPEN','15:30:00',12),(1241,'2026-04-23','OPEN','10:00:00',13),(1242,'2026-04-23','OPEN','10:30:00',13),(1243,'2026-04-23','OPEN','11:00:00',13),(1244,'2026-04-23','OPEN','11:30:00',13),(1245,'2026-04-23','OPEN','12:00:00',13),(1246,'2026-04-23','OPEN','12:30:00',13),(1247,'2026-04-23','OPEN','14:00:00',13),(1248,'2026-04-23','OPEN','14:30:00',13),(1249,'2026-04-23','OPEN','15:00:00',13),(1250,'2026-04-23','OPEN','15:30:00',13),(1251,'2026-04-23','OPEN','10:00:00',14),(1252,'2026-04-23','OPEN','10:30:00',14),(1253,'2026-04-23','OPEN','11:00:00',14),(1254,'2026-04-23','OPEN','11:30:00',14),(1255,'2026-04-23','OPEN','12:00:00',14),(1256,'2026-04-23','OPEN','12:30:00',14),(1257,'2026-04-23','OPEN','14:00:00',14),(1258,'2026-04-23','OPEN','14:30:00',14),(1259,'2026-04-23','OPEN','15:00:00',14),(1260,'2026-04-23','OPEN','15:30:00',14),(31261,'2026-04-24','OPEN','10:00:00',6),(31262,'2026-04-24','OPEN','10:30:00',6),(31263,'2026-04-24','OPEN','11:00:00',6),(31264,'2026-04-24','OPEN','11:00:00',6),(31265,'2026-04-24','BOOKED','11:30:00',6),(31266,'2026-04-24','OPEN','11:30:00',6),(31267,'2026-04-24','OPEN','12:00:00',6),(31268,'2026-04-24','OPEN','12:00:00',6),(31269,'2026-04-24','OPEN','12:30:00',6),(31270,'2026-04-24','OPEN','12:30:00',6),(31271,'2026-04-24','OPEN','14:00:00',6),(31272,'2026-04-24','OPEN','14:00:00',6),(31273,'2026-04-24','OPEN','14:30:00',6),(31274,'2026-04-24','OPEN','14:30:00',6),(31275,'2026-04-24','OPEN','15:00:00',6),(31276,'2026-04-24','OPEN','15:00:00',6),(31277,'2026-04-24','OPEN','15:30:00',6),(31278,'2026-04-24','OPEN','15:30:00',6),(31279,'2026-04-25','OPEN','10:00:00',6),(31280,'2026-04-25','OPEN','10:00:00',6),(31281,'2026-04-25','OPEN','10:30:00',6),(31282,'2026-04-25','OPEN','10:30:00',6),(31283,'2026-04-25','OPEN','11:00:00',6),(31284,'2026-04-25','OPEN','11:00:00',6),(31285,'2026-04-25','OPEN','11:30:00',6),(31286,'2026-04-25','OPEN','11:30:00',6),(31287,'2026-04-25','OPEN','12:00:00',6),(31288,'2026-04-25','OPEN','12:00:00',6),(31289,'2026-04-25','OPEN','12:30:00',6),(31290,'2026-04-25','OPEN','12:30:00',6),(31291,'2026-04-25','OPEN','14:00:00',6),(31292,'2026-04-25','OPEN','14:00:00',6),(31293,'2026-04-25','OPEN','14:30:00',6),(31294,'2026-04-25','OPEN','14:30:00',6),(31295,'2026-04-25','OPEN','15:00:00',6),(31296,'2026-04-25','OPEN','15:00:00',6),(31297,'2026-04-25','OPEN','15:30:00',6),(31298,'2026-04-25','OPEN','15:30:00',6),(31299,'2026-04-26','OPEN','10:00:00',6),(31300,'2026-04-26','OPEN','10:00:00',6),(31301,'2026-04-26','OPEN','10:30:00',6),(31302,'2026-04-26','OPEN','10:30:00',6),(31303,'2026-04-26','OPEN','11:00:00',6),(31304,'2026-04-26','OPEN','11:00:00',6),(31305,'2026-04-26','OPEN','11:30:00',6),(31306,'2026-04-26','OPEN','11:30:00',6),(31307,'2026-04-26','OPEN','12:00:00',6),(31308,'2026-04-26','OPEN','12:00:00',6),(31309,'2026-04-26','OPEN','12:30:00',6),(31310,'2026-04-26','OPEN','12:30:00',6),(31311,'2026-04-26','OPEN','14:00:00',6),(31312,'2026-04-26','OPEN','14:00:00',6),(31313,'2026-04-26','OPEN','14:30:00',6),(31314,'2026-04-26','OPEN','14:30:00',6),(31315,'2026-04-26','OPEN','15:00:00',6),(31316,'2026-04-26','OPEN','15:00:00',6),(31317,'2026-04-26','OPEN','15:30:00',6),(31318,'2026-04-26','OPEN','15:30:00',6),(31319,'2026-04-24','OPEN','10:00:00',7),(31320,'2026-04-24','OPEN','10:00:00',7),(31321,'2026-04-24','OPEN','10:30:00',7),(31322,'2026-04-24','OPEN','10:30:00',7),(31323,'2026-04-24','OPEN','11:00:00',7),(31324,'2026-04-24','OPEN','11:00:00',7),(31325,'2026-04-24','OPEN','11:30:00',7),(31326,'2026-04-24','OPEN','11:30:00',7),(31327,'2026-04-24','OPEN','12:00:00',7),(31328,'2026-04-24','OPEN','12:00:00',7),(31329,'2026-04-24','OPEN','12:30:00',7),(31330,'2026-04-24','OPEN','12:30:00',7),(31331,'2026-04-24','OPEN','14:00:00',7),(31332,'2026-04-24','OPEN','14:00:00',7),(31333,'2026-04-24','OPEN','14:30:00',7),(31335,'2026-04-24','OPEN','14:30:00',7),(31336,'2026-04-24','OPEN','15:00:00',7),(31338,'2026-04-24','OPEN','15:00:00',7),(31339,'2026-04-24','OPEN','15:30:00',7),(31341,'2026-04-24','OPEN','15:30:00',7),(31342,'2026-04-25','OPEN','10:00:00',7),(31344,'2026-04-25','OPEN','10:00:00',7),(31345,'2026-04-25','OPEN','10:30:00',7),(31346,'2026-04-25','OPEN','10:30:00',7),(31347,'2026-04-25','OPEN','11:00:00',7),(31348,'2026-04-25','OPEN','11:00:00',7),(31349,'2026-04-25','OPEN','11:30:00',7),(31350,'2026-04-25','OPEN','11:30:00',7),(31351,'2026-04-25','OPEN','12:00:00',7),(31353,'2026-04-25','OPEN','12:00:00',7),(31354,'2026-04-25','OPEN','12:30:00',7),(31355,'2026-04-25','OPEN','12:30:00',7),(31356,'2026-04-25','OPEN','14:00:00',7),(31357,'2026-04-25','OPEN','14:00:00',7),(31358,'2026-04-25','OPEN','14:30:00',7),(31360,'2026-04-25','OPEN','14:30:00',7),(31361,'2026-04-25','OPEN','15:00:00',7),(31362,'2026-04-25','OPEN','15:00:00',7),(31363,'2026-04-25','OPEN','15:30:00',7),(31365,'2026-04-25','OPEN','15:30:00',7),(31366,'2026-04-26','OPEN','10:00:00',7),(31367,'2026-04-26','OPEN','10:00:00',7),(31368,'2026-04-26','OPEN','10:30:00',7),(31369,'2026-04-26','OPEN','10:30:00',7),(31370,'2026-04-26','OPEN','11:00:00',7),(31371,'2026-04-26','OPEN','11:00:00',7),(31372,'2026-04-26','OPEN','11:30:00',7),(31374,'2026-04-26','OPEN','11:30:00',7),(31375,'2026-04-26','OPEN','12:00:00',7),(31376,'2026-04-26','OPEN','12:00:00',7),(31377,'2026-04-26','OPEN','12:30:00',7),(31379,'2026-04-26','OPEN','12:30:00',7),(31380,'2026-04-26','OPEN','14:00:00',7),(31382,'2026-04-26','OPEN','14:00:00',7),(31383,'2026-04-26','OPEN','14:30:00',7),(31384,'2026-04-26','OPEN','14:30:00',7),(31385,'2026-04-26','OPEN','15:00:00',7),(31386,'2026-04-26','OPEN','15:00:00',7),(31387,'2026-04-26','OPEN','15:30:00',7),(31388,'2026-04-26','OPEN','15:30:00',7),(31389,'2026-04-24','OPEN','10:00:00',8),(31390,'2026-04-24','OPEN','10:00:00',8),(31391,'2026-04-24','OPEN','10:30:00',8),(31392,'2026-04-24','OPEN','10:30:00',8),(31393,'2026-04-24','OPEN','11:00:00',8),(31394,'2026-04-24','OPEN','11:00:00',8),(31395,'2026-04-24','OPEN','11:30:00',8),(31396,'2026-04-24','OPEN','11:30:00',8),(31397,'2026-04-24','OPEN','12:00:00',8),(31398,'2026-04-24','OPEN','12:00:00',8),(31399,'2026-04-24','OPEN','12:30:00',8),(31400,'2026-04-24','OPEN','12:30:00',8),(31401,'2026-04-24','OPEN','14:00:00',8),(31402,'2026-04-24','OPEN','14:00:00',8),(31403,'2026-04-24','OPEN','14:30:00',8),(31404,'2026-04-24','OPEN','14:30:00',8),(31405,'2026-04-24','OPEN','15:00:00',8),(31406,'2026-04-24','OPEN','15:00:00',8),(31407,'2026-04-24','OPEN','15:30:00',8),(31408,'2026-04-24','OPEN','15:30:00',8),(31409,'2026-04-25','OPEN','10:00:00',8),(31410,'2026-04-25','OPEN','10:00:00',8),(31411,'2026-04-25','OPEN','10:30:00',8),(31412,'2026-04-25','OPEN','10:30:00',8),(31413,'2026-04-25','OPEN','11:00:00',8),(31414,'2026-04-25','OPEN','11:00:00',8),(31415,'2026-04-25','OPEN','11:30:00',8),(31416,'2026-04-25','OPEN','11:30:00',8),(31417,'2026-04-25','OPEN','12:00:00',8),(31419,'2026-04-25','OPEN','12:00:00',8),(31420,'2026-04-25','OPEN','12:30:00',8),(31421,'2026-04-25','OPEN','12:30:00',8),(31422,'2026-04-25','OPEN','14:00:00',8),(31423,'2026-04-25','OPEN','14:00:00',8),(31424,'2026-04-25','OPEN','14:30:00',8),(31425,'2026-04-25','OPEN','14:30:00',8),(31426,'2026-04-25','OPEN','15:00:00',8),(31427,'2026-04-25','OPEN','15:00:00',8),(31428,'2026-04-25','OPEN','15:30:00',8),(31429,'2026-04-25','OPEN','15:30:00',8),(31430,'2026-04-26','OPEN','10:00:00',8),(31432,'2026-04-26','OPEN','10:00:00',8),(31433,'2026-04-26','OPEN','10:30:00',8),(31434,'2026-04-26','OPEN','10:30:00',8),(31435,'2026-04-26','OPEN','11:00:00',8),(31436,'2026-04-26','OPEN','11:00:00',8),(31437,'2026-04-26','OPEN','11:30:00',8),(31438,'2026-04-26','OPEN','11:30:00',8),(31439,'2026-04-26','OPEN','12:00:00',8),(31440,'2026-04-26','OPEN','12:00:00',8),(31441,'2026-04-26','OPEN','12:30:00',8),(31442,'2026-04-26','OPEN','12:30:00',8),(31443,'2026-04-26','OPEN','14:00:00',8),(31444,'2026-04-26','OPEN','14:00:00',8),(31445,'2026-04-26','OPEN','14:30:00',8),(31446,'2026-04-26','OPEN','14:30:00',8),(31447,'2026-04-26','OPEN','15:00:00',8),(31448,'2026-04-26','OPEN','15:00:00',8),(31449,'2026-04-26','OPEN','15:30:00',8),(31450,'2026-04-26','OPEN','15:30:00',8),(31451,'2026-04-24','OPEN','10:00:00',9),(31452,'2026-04-24','OPEN','10:00:00',9),(31453,'2026-04-24','OPEN','10:30:00',9),(31454,'2026-04-24','OPEN','10:30:00',9),(31455,'2026-04-24','OPEN','11:00:00',9),(31456,'2026-04-24','OPEN','11:00:00',9),(31457,'2026-04-24','OPEN','11:30:00',9),(31458,'2026-04-24','OPEN','11:30:00',9),(31459,'2026-04-24','OPEN','12:00:00',9),(31460,'2026-04-24','OPEN','12:00:00',9),(31461,'2026-04-24','OPEN','12:30:00',9),(31462,'2026-04-24','OPEN','12:30:00',9),(31463,'2026-04-24','OPEN','14:00:00',9),(31464,'2026-04-24','OPEN','14:30:00',9),(31466,'2026-04-24','OPEN','14:30:00',9),(31467,'2026-04-24','OPEN','15:00:00',9),(31468,'2026-04-24','OPEN','15:00:00',9),(31469,'2026-04-24','OPEN','15:30:00',9),(31470,'2026-04-24','OPEN','15:30:00',9),(31471,'2026-04-25','OPEN','10:00:00',9),(31472,'2026-04-25','OPEN','10:00:00',9),(31473,'2026-04-25','OPEN','10:30:00',9),(31474,'2026-04-25','OPEN','10:30:00',9),(31475,'2026-04-25','OPEN','11:00:00',9),(31476,'2026-04-25','OPEN','11:00:00',9),(31477,'2026-04-25','OPEN','11:30:00',9),(31478,'2026-04-25','OPEN','11:30:00',9),(31479,'2026-04-25','OPEN','12:00:00',9),(31480,'2026-04-25','OPEN','12:00:00',9),(31481,'2026-04-25','OPEN','12:30:00',9),(31482,'2026-04-25','OPEN','12:30:00',9),(31483,'2026-04-25','OPEN','14:00:00',9),(31484,'2026-04-25','OPEN','14:00:00',9),(31485,'2026-04-25','OPEN','14:30:00',9),(31486,'2026-04-25','OPEN','14:30:00',9),(31487,'2026-04-25','OPEN','15:00:00',9),(31488,'2026-04-25','OPEN','15:00:00',9),(31489,'2026-04-25','OPEN','15:30:00',9),(31490,'2026-04-25','OPEN','15:30:00',9),(31491,'2026-04-26','OPEN','10:00:00',9),(31492,'2026-04-26','OPEN','10:00:00',9),(31493,'2026-04-26','OPEN','10:30:00',9),(31494,'2026-04-26','OPEN','10:30:00',9),(31495,'2026-04-26','OPEN','11:00:00',9),(31496,'2026-04-26','OPEN','11:00:00',9),(31497,'2026-04-26','OPEN','11:30:00',9),(31498,'2026-04-26','OPEN','11:30:00',9),(31499,'2026-04-26','OPEN','12:00:00',9),(31501,'2026-04-26','OPEN','12:00:00',9),(31502,'2026-04-26','OPEN','12:30:00',9),(31503,'2026-04-26','OPEN','12:30:00',9),(31504,'2026-04-26','OPEN','14:00:00',9),(31505,'2026-04-26','OPEN','14:00:00',9),(31506,'2026-04-26','OPEN','14:30:00',9),(31507,'2026-04-26','OPEN','14:30:00',9),(31508,'2026-04-26','OPEN','15:00:00',9),(31509,'2026-04-26','OPEN','15:00:00',9),(31510,'2026-04-26','OPEN','15:30:00',9),(31511,'2026-04-26','OPEN','15:30:00',9),(31512,'2026-04-24','OPEN','10:00:00',10),(31513,'2026-04-24','OPEN','10:00:00',10),(31514,'2026-04-24','OPEN','10:30:00',10),(31515,'2026-04-24','OPEN','10:30:00',10),(31516,'2026-04-24','OPEN','11:00:00',10),(31517,'2026-04-24','OPEN','11:00:00',10),(31518,'2026-04-24','OPEN','11:30:00',10),(31519,'2026-04-24','OPEN','11:30:00',10),(31520,'2026-04-24','OPEN','12:00:00',10),(31521,'2026-04-24','OPEN','12:00:00',10),(31522,'2026-04-24','OPEN','12:30:00',10),(31523,'2026-04-24','OPEN','14:00:00',10),(31525,'2026-04-24','OPEN','14:00:00',10),(31526,'2026-04-24','OPEN','14:30:00',10),(31528,'2026-04-24','OPEN','14:30:00',10),(31529,'2026-04-24','OPEN','15:00:00',10),(31531,'2026-04-24','OPEN','15:00:00',10),(31532,'2026-04-24','OPEN','15:30:00',10),(31534,'2026-04-24','OPEN','15:30:00',10),(31535,'2026-04-25','OPEN','10:00:00',10),(31536,'2026-04-25','OPEN','10:00:00',10),(31537,'2026-04-25','OPEN','10:30:00',10),(31538,'2026-04-25','OPEN','10:30:00',10),(31539,'2026-04-25','OPEN','11:00:00',10),(31540,'2026-04-25','OPEN','11:00:00',10),(31541,'2026-04-25','OPEN','11:30:00',10),(31543,'2026-04-25','OPEN','11:30:00',10),(31544,'2026-04-25','OPEN','12:00:00',10),(31545,'2026-04-25','OPEN','12:00:00',10),(31546,'2026-04-25','OPEN','12:30:00',10),(31547,'2026-04-25','OPEN','12:30:00',10),(31548,'2026-04-25','OPEN','14:00:00',10),(31549,'2026-04-25','OPEN','14:00:00',10),(31550,'2026-04-25','OPEN','14:30:00',10),(31551,'2026-04-25','OPEN','14:30:00',10),(31552,'2026-04-25','OPEN','15:00:00',10),(31553,'2026-04-25','OPEN','15:00:00',10),(31554,'2026-04-25','OPEN','15:30:00',10),(31555,'2026-04-25','OPEN','15:30:00',10),(31556,'2026-04-26','OPEN','10:00:00',10),(31557,'2026-04-26','OPEN','10:00:00',10),(31558,'2026-04-26','OPEN','10:30:00',10),(31559,'2026-04-26','OPEN','10:30:00',10),(31560,'2026-04-26','OPEN','11:00:00',10),(31561,'2026-04-26','OPEN','11:00:00',10),(31562,'2026-04-26','OPEN','11:30:00',10),(31563,'2026-04-26','OPEN','11:30:00',10),(31564,'2026-04-26','OPEN','12:00:00',10),(31565,'2026-04-26','OPEN','12:30:00',10),(31567,'2026-04-26','OPEN','12:00:00',10),(31568,'2026-04-26','OPEN','14:00:00',10),(31569,'2026-04-26','OPEN','14:00:00',10),(31570,'2026-04-26','OPEN','14:30:00',10),(31571,'2026-04-26','OPEN','14:30:00',10),(31572,'2026-04-26','OPEN','15:00:00',10),(31573,'2026-04-26','OPEN','15:00:00',10),(31574,'2026-04-26','OPEN','15:30:00',10),(31575,'2026-04-24','OPEN','10:00:00',11),(31577,'2026-04-24','OPEN','10:00:00',11),(31578,'2026-04-24','OPEN','10:30:00',11),(31579,'2026-04-24','OPEN','10:30:00',11),(31580,'2026-04-24','OPEN','11:00:00',11),(31581,'2026-04-24','OPEN','11:00:00',11),(31582,'2026-04-24','OPEN','11:30:00',11),(31583,'2026-04-24','OPEN','11:30:00',11),(31584,'2026-04-24','OPEN','12:00:00',11),(31585,'2026-04-24','OPEN','12:00:00',11),(31586,'2026-04-24','OPEN','12:30:00',11),(31587,'2026-04-24','OPEN','12:30:00',11),(31588,'2026-04-24','OPEN','14:00:00',11),(31589,'2026-04-24','OPEN','14:00:00',11),(31590,'2026-04-24','OPEN','14:30:00',11),(31591,'2026-04-24','OPEN','14:30:00',11),(31592,'2026-04-24','OPEN','15:00:00',11),(31593,'2026-04-24','OPEN','15:00:00',11),(31594,'2026-04-24','OPEN','15:30:00',11),(31595,'2026-04-24','OPEN','15:30:00',11),(31596,'2026-04-25','OPEN','10:00:00',11),(31597,'2026-04-25','OPEN','10:00:00',11),(31598,'2026-04-25','OPEN','10:30:00',11),(31599,'2026-04-25','OPEN','10:30:00',11),(31600,'2026-04-25','OPEN','11:00:00',11),(31601,'2026-04-25','OPEN','11:00:00',11),(31602,'2026-04-25','OPEN','11:30:00',11),(31603,'2026-04-25','OPEN','11:30:00',11),(31604,'2026-04-25','OPEN','12:00:00',11),(31605,'2026-04-25','OPEN','12:00:00',11),(31606,'2026-04-25','OPEN','12:30:00',11),(31607,'2026-04-25','OPEN','12:30:00',11),(31608,'2026-04-25','OPEN','14:00:00',11),(31609,'2026-04-25','OPEN','14:00:00',11),(31610,'2026-04-25','OPEN','14:30:00',11),(31611,'2026-04-25','OPEN','14:30:00',11),(31612,'2026-04-25','OPEN','15:00:00',11),(31613,'2026-04-25','OPEN','15:00:00',11),(31614,'2026-04-25','OPEN','15:30:00',11),(31615,'2026-04-25','OPEN','15:30:00',11),(31616,'2026-04-26','OPEN','10:00:00',11),(31617,'2026-04-26','OPEN','10:00:00',11),(31618,'2026-04-26','OPEN','10:30:00',11),(31619,'2026-04-26','OPEN','10:30:00',11),(31620,'2026-04-26','OPEN','11:00:00',11),(31621,'2026-04-26','OPEN','11:00:00',11),(31622,'2026-04-26','OPEN','11:30:00',11),(31623,'2026-04-26','OPEN','12:00:00',11),(31625,'2026-04-26','OPEN','12:00:00',11),(31626,'2026-04-26','OPEN','12:30:00',11),(31628,'2026-04-26','OPEN','12:30:00',11),(31629,'2026-04-26','OPEN','14:00:00',11),(31631,'2026-04-26','OPEN','14:00:00',11),(31632,'2026-04-26','OPEN','14:30:00',11),(31633,'2026-04-26','OPEN','14:30:00',11),(31634,'2026-04-26','OPEN','15:00:00',11),(31635,'2026-04-26','OPEN','15:00:00',11),(31636,'2026-04-26','OPEN','15:30:00',11),(31637,'2026-04-26','OPEN','15:30:00',11),(31638,'2026-04-24','OPEN','10:00:00',12),(31639,'2026-04-24','OPEN','10:30:00',12),(31640,'2026-04-24','OPEN','10:30:00',12),(31641,'2026-04-24','OPEN','11:00:00',12),(31643,'2026-04-24','OPEN','11:00:00',12),(31644,'2026-04-24','OPEN','11:30:00',12),(31645,'2026-04-24','OPEN','11:30:00',12),(31646,'2026-04-24','OPEN','12:00:00',12),(31647,'2026-04-24','OPEN','12:00:00',12),(31648,'2026-04-24','OPEN','12:30:00',12),(31649,'2026-04-24','OPEN','12:30:00',12),(31650,'2026-04-24','OPEN','14:00:00',12),(31652,'2026-04-24','OPEN','14:00:00',12),(31653,'2026-04-24','OPEN','14:30:00',12),(31654,'2026-04-24','OPEN','14:30:00',12),(31655,'2026-04-24','OPEN','15:00:00',12),(31656,'2026-04-24','OPEN','15:00:00',12),(31657,'2026-04-24','OPEN','15:30:00',12),(31658,'2026-04-24','OPEN','15:30:00',12),(31659,'2026-04-25','OPEN','10:00:00',12),(31660,'2026-04-25','OPEN','10:00:00',12),(31661,'2026-04-25','OPEN','10:30:00',12),(31662,'2026-04-25','OPEN','10:30:00',12),(31663,'2026-04-25','OPEN','11:00:00',12),(31664,'2026-04-25','OPEN','11:00:00',12),(31665,'2026-04-25','OPEN','11:30:00',12),(31666,'2026-04-25','OPEN','11:30:00',12),(31667,'2026-04-25','OPEN','12:00:00',12),(31668,'2026-04-25','OPEN','12:00:00',12),(31669,'2026-04-25','OPEN','12:30:00',12),(31670,'2026-04-25','OPEN','12:30:00',12),(31671,'2026-04-25','OPEN','14:00:00',12),(31672,'2026-04-25','OPEN','14:00:00',12),(31673,'2026-04-25','OPEN','14:30:00',12),(31674,'2026-04-25','OPEN','14:30:00',12),(31675,'2026-04-25','OPEN','15:00:00',12),(31676,'2026-04-25','OPEN','15:00:00',12),(31677,'2026-04-25','OPEN','15:30:00',12),(31678,'2026-04-25','OPEN','15:30:00',12),(31679,'2026-04-26','OPEN','10:00:00',12),(31681,'2026-04-26','OPEN','10:00:00',12),(31682,'2026-04-26','OPEN','10:30:00',12),(31683,'2026-04-26','OPEN','10:30:00',12),(31684,'2026-04-26','OPEN','11:00:00',12),(31686,'2026-04-26','OPEN','11:00:00',12),(31687,'2026-04-26','OPEN','11:30:00',12),(31688,'2026-04-26','OPEN','11:30:00',12),(31689,'2026-04-26','OPEN','12:00:00',12),(31690,'2026-04-26','OPEN','12:00:00',12),(31691,'2026-04-26','OPEN','12:30:00',12),(31692,'2026-04-26','OPEN','12:30:00',12),(31693,'2026-04-26','OPEN','14:00:00',12),(31694,'2026-04-26','OPEN','14:00:00',12),(31695,'2026-04-26','OPEN','14:30:00',12),(31696,'2026-04-26','OPEN','14:30:00',12),(31697,'2026-04-26','OPEN','15:00:00',12),(31698,'2026-04-26','OPEN','15:00:00',12),(31699,'2026-04-26','OPEN','15:30:00',12),(31700,'2026-04-26','OPEN','15:30:00',12),(31701,'2026-04-24','OPEN','10:00:00',13),(31702,'2026-04-24','OPEN','10:00:00',13),(31703,'2026-04-24','OPEN','10:30:00',13),(31704,'2026-04-24','OPEN','10:30:00',13),(31705,'2026-04-24','OPEN','11:00:00',13),(31706,'2026-04-24','OPEN','11:00:00',13),(31707,'2026-04-24','OPEN','11:30:00',13),(31708,'2026-04-24','OPEN','11:30:00',13),(31709,'2026-04-24','OPEN','12:00:00',13),(31710,'2026-04-24','OPEN','12:00:00',13),(31711,'2026-04-24','OPEN','12:30:00',13),(31712,'2026-04-24','OPEN','12:30:00',13),(31713,'2026-04-24','OPEN','14:00:00',13),(31714,'2026-04-24','OPEN','14:00:00',13),(31715,'2026-04-24','OPEN','14:30:00',13),(31716,'2026-04-24','OPEN','14:30:00',13),(31717,'2026-04-24','OPEN','15:00:00',13),(31718,'2026-04-24','OPEN','15:00:00',13),(31719,'2026-04-24','OPEN','15:30:00',13),(31720,'2026-04-24','OPEN','15:30:00',13),(31721,'2026-04-25','OPEN','10:00:00',13),(31722,'2026-04-25','OPEN','10:00:00',13),(31723,'2026-04-25','OPEN','10:30:00',13),(31724,'2026-04-25','OPEN','10:30:00',13),(31725,'2026-04-25','OPEN','11:00:00',13),(31726,'2026-04-25','OPEN','11:00:00',13),(31727,'2026-04-25','OPEN','11:30:00',13),(31728,'2026-04-25','OPEN','11:30:00',13),(31729,'2026-04-25','OPEN','12:00:00',13),(31730,'2026-04-25','OPEN','12:00:00',13),(31731,'2026-04-25','OPEN','12:30:00',13),(31732,'2026-04-25','OPEN','12:30:00',13),(31733,'2026-04-25','OPEN','14:00:00',13),(31734,'2026-04-25','OPEN','14:00:00',13),(31735,'2026-04-25','OPEN','14:30:00',13),(31736,'2026-04-25','OPEN','15:00:00',13),(31738,'2026-04-25','OPEN','15:00:00',13),(31739,'2026-04-25','OPEN','15:30:00',13),(31741,'2026-04-25','OPEN','15:30:00',13),(31742,'2026-04-26','OPEN','10:00:00',13),(31744,'2026-04-26','OPEN','10:00:00',13),(31745,'2026-04-26','OPEN','10:30:00',13),(31747,'2026-04-26','OPEN','10:30:00',13),(31748,'2026-04-26','OPEN','11:00:00',13),(31750,'2026-04-26','OPEN','11:00:00',13),(31751,'2026-04-26','OPEN','11:30:00',13),(31752,'2026-04-26','OPEN','11:30:00',13),(31753,'2026-04-26','OPEN','12:00:00',13),(31754,'2026-04-26','OPEN','12:00:00',13),(31755,'2026-04-26','OPEN','12:30:00',13),(31756,'2026-04-26','OPEN','12:30:00',13),(31757,'2026-04-26','OPEN','14:00:00',13),(31758,'2026-04-26','OPEN','14:00:00',13),(31759,'2026-04-26','OPEN','14:30:00',13),(31760,'2026-04-26','OPEN','14:30:00',13),(31761,'2026-04-26','OPEN','15:00:00',13),(31762,'2026-04-26','OPEN','15:00:00',13),(31763,'2026-04-26','OPEN','15:30:00',13),(31764,'2026-04-26','OPEN','15:30:00',13),(31765,'2026-04-24','OPEN','10:00:00',14),(31767,'2026-04-24','OPEN','10:00:00',14),(31768,'2026-04-24','OPEN','10:30:00',14),(31770,'2026-04-24','OPEN','10:30:00',14),(31771,'2026-04-24','OPEN','11:00:00',14),(31772,'2026-04-24','OPEN','11:00:00',14),(31773,'2026-04-24','OPEN','11:30:00',14),(31775,'2026-04-24','OPEN','11:30:00',14),(31776,'2026-04-24','OPEN','12:00:00',14),(31778,'2026-04-24','OPEN','12:00:00',14),(31779,'2026-04-24','OPEN','12:30:00',14),(31781,'2026-04-24','OPEN','12:30:00',14),(31782,'2026-04-24','OPEN','14:00:00',14),(31784,'2026-04-24','OPEN','14:00:00',14),(31785,'2026-04-24','OPEN','14:30:00',14),(31786,'2026-04-24','OPEN','14:30:00',14),(31787,'2026-04-24','OPEN','15:00:00',14),(31789,'2026-04-24','OPEN','15:00:00',14),(31790,'2026-04-24','OPEN','15:30:00',14),(31792,'2026-04-24','OPEN','15:30:00',14),(31793,'2026-04-25','OPEN','10:00:00',14),(31794,'2026-04-25','OPEN','10:00:00',14),(31795,'2026-04-25','OPEN','10:30:00',14),(31796,'2026-04-25','OPEN','10:30:00',14),(31797,'2026-04-25','OPEN','11:00:00',14),(31798,'2026-04-25','OPEN','11:00:00',14),(31799,'2026-04-25','OPEN','11:30:00',14),(31800,'2026-04-25','OPEN','11:30:00',14),(31801,'2026-04-25','OPEN','12:00:00',14),(31802,'2026-04-25','OPEN','12:00:00',14),(31803,'2026-04-25','OPEN','12:30:00',14),(31804,'2026-04-25','OPEN','12:30:00',14),(31805,'2026-04-25','OPEN','14:00:00',14),(31807,'2026-04-25','OPEN','14:00:00',14),(31808,'2026-04-25','OPEN','14:30:00',14),(31810,'2026-04-25','OPEN','14:30:00',14),(31811,'2026-04-25','OPEN','15:00:00',14),(31813,'2026-04-25','OPEN','15:00:00',14),(31814,'2026-04-25','OPEN','15:30:00',14),(31815,'2026-04-25','OPEN','15:30:00',14),(31816,'2026-04-26','OPEN','10:00:00',14),(31818,'2026-04-26','OPEN','10:00:00',14),(31819,'2026-04-26','OPEN','10:30:00',14),(31821,'2026-04-26','OPEN','10:30:00',14),(31822,'2026-04-26','OPEN','11:00:00',14),(31824,'2026-04-26','OPEN','11:00:00',14),(31825,'2026-04-26','OPEN','11:30:00',14),(31827,'2026-04-26','OPEN','11:30:00',14),(31828,'2026-04-26','OPEN','12:00:00',14),(31830,'2026-04-26','OPEN','12:00:00',14),(31831,'2026-04-26','OPEN','12:30:00',14),(31833,'2026-04-26','OPEN','12:30:00',14),(31834,'2026-04-26','OPEN','14:00:00',14),(31836,'2026-04-26','OPEN','14:00:00',14),(31837,'2026-04-26','OPEN','14:30:00',14),(31838,'2026-04-26','OPEN','15:00:00',14),(31840,'2026-04-26','OPEN','15:00:00',14),(31841,'2026-04-26','OPEN','15:30:00',14),(31842,'2026-04-26','OPEN','15:30:00',14),(61261,'2026-04-27','OPEN','10:00:00',6),(61262,'2026-04-27','OPEN','10:30:00',6),(61263,'2026-04-27','OPEN','11:00:00',6),(61264,'2026-04-27','OPEN','11:30:00',6),(61265,'2026-04-27','OPEN','12:00:00',6),(61266,'2026-04-27','OPEN','12:30:00',6),(61267,'2026-04-27','OPEN','14:00:00',6),(61268,'2026-04-27','OPEN','14:30:00',6),(61269,'2026-04-27','OPEN','15:00:00',6),(61270,'2026-04-27','OPEN','15:30:00',6),(61271,'2026-04-27','OPEN','10:00:00',7),(61272,'2026-04-27','OPEN','10:30:00',7),(61273,'2026-04-27','OPEN','11:00:00',7),(61274,'2026-04-27','OPEN','11:30:00',7),(61275,'2026-04-27','OPEN','12:00:00',7),(61276,'2026-04-27','OPEN','12:30:00',7),(61277,'2026-04-27','OPEN','14:00:00',7),(61278,'2026-04-27','OPEN','14:30:00',7),(61279,'2026-04-27','OPEN','15:00:00',7),(61280,'2026-04-27','OPEN','15:30:00',7),(61281,'2026-04-27','OPEN','10:00:00',8),(61282,'2026-04-27','OPEN','10:30:00',8),(61283,'2026-04-27','OPEN','11:00:00',8),(61284,'2026-04-27','OPEN','11:30:00',8),(61285,'2026-04-27','OPEN','12:00:00',8),(61286,'2026-04-27','OPEN','12:30:00',8),(61287,'2026-04-27','OPEN','14:00:00',8),(61288,'2026-04-27','OPEN','14:30:00',8),(61289,'2026-04-27','OPEN','15:00:00',8),(61290,'2026-04-27','OPEN','15:30:00',8),(61291,'2026-04-27','OPEN','10:00:00',9),(61292,'2026-04-27','OPEN','10:30:00',9),(61293,'2026-04-27','OPEN','11:00:00',9),(61294,'2026-04-27','OPEN','11:30:00',9),(61295,'2026-04-27','OPEN','12:00:00',9),(61296,'2026-04-27','OPEN','12:30:00',9),(61297,'2026-04-27','OPEN','14:00:00',9),(61298,'2026-04-27','OPEN','14:30:00',9),(61299,'2026-04-27','OPEN','15:00:00',9),(61300,'2026-04-27','OPEN','15:30:00',9),(61301,'2026-04-27','OPEN','10:00:00',10),(61302,'2026-04-27','OPEN','10:30:00',10),(61303,'2026-04-27','OPEN','11:00:00',10),(61304,'2026-04-27','OPEN','11:30:00',10),(61305,'2026-04-27','OPEN','12:00:00',10),(61306,'2026-04-27','OPEN','12:30:00',10),(61307,'2026-04-27','OPEN','14:00:00',10),(61308,'2026-04-27','OPEN','14:30:00',10),(61309,'2026-04-27','OPEN','15:00:00',10),(61310,'2026-04-27','OPEN','15:30:00',10),(61311,'2026-04-27','OPEN','10:00:00',11),(61312,'2026-04-27','OPEN','10:30:00',11),(61313,'2026-04-27','OPEN','11:00:00',11),(61314,'2026-04-27','OPEN','11:30:00',11),(61315,'2026-04-27','OPEN','12:00:00',11),(61316,'2026-04-27','OPEN','12:30:00',11),(61317,'2026-04-27','OPEN','14:00:00',11),(61318,'2026-04-27','OPEN','14:30:00',11),(61319,'2026-04-27','OPEN','15:00:00',11),(61320,'2026-04-27','OPEN','15:30:00',11),(61321,'2026-04-27','OPEN','10:00:00',12),(61322,'2026-04-27','OPEN','10:30:00',12),(61323,'2026-04-27','OPEN','11:00:00',12),(61324,'2026-04-27','OPEN','11:30:00',12),(61325,'2026-04-27','OPEN','12:00:00',12),(61326,'2026-04-27','OPEN','12:30:00',12),(61327,'2026-04-27','OPEN','14:00:00',12),(61328,'2026-04-27','OPEN','14:30:00',12),(61329,'2026-04-27','OPEN','15:00:00',12),(61330,'2026-04-27','OPEN','15:30:00',12),(61331,'2026-04-27','OPEN','10:00:00',13),(61332,'2026-04-27','OPEN','10:30:00',13),(61333,'2026-04-27','OPEN','11:00:00',13),(61334,'2026-04-27','OPEN','11:30:00',13),(61335,'2026-04-27','OPEN','12:00:00',13),(61336,'2026-04-27','OPEN','12:30:00',13),(61337,'2026-04-27','OPEN','14:00:00',13),(61338,'2026-04-27','OPEN','14:30:00',13),(61339,'2026-04-27','OPEN','15:00:00',13),(61340,'2026-04-27','OPEN','15:30:00',13),(61341,'2026-04-27','OPEN','10:00:00',14),(61342,'2026-04-27','OPEN','10:30:00',14),(61343,'2026-04-27','OPEN','11:00:00',14),(61344,'2026-04-27','OPEN','11:30:00',14),(61345,'2026-04-27','OPEN','12:00:00',14),(61346,'2026-04-27','OPEN','12:30:00',14),(61347,'2026-04-27','OPEN','14:00:00',14),(61348,'2026-04-27','OPEN','14:30:00',14),(61349,'2026-04-27','OPEN','15:00:00',14),(61350,'2026-04-27','OPEN','15:30:00',14),(91261,'2026-04-28','OPEN','10:00:00',6),(91262,'2026-04-28','OPEN','10:30:00',6),(91263,'2026-04-28','OPEN','11:00:00',6),(91264,'2026-04-28','OPEN','11:30:00',6),(91265,'2026-04-28','OPEN','12:00:00',6),(91266,'2026-04-28','OPEN','12:30:00',6),(91267,'2026-04-28','OPEN','14:00:00',6),(91268,'2026-04-28','OPEN','14:30:00',6),(91269,'2026-04-28','OPEN','15:00:00',6),(91270,'2026-04-28','OPEN','15:30:00',6),(91271,'2026-04-28','OPEN','10:00:00',7),(91272,'2026-04-28','OPEN','10:30:00',7),(91273,'2026-04-28','OPEN','11:00:00',7),(91274,'2026-04-28','OPEN','11:30:00',7),(91275,'2026-04-28','OPEN','12:00:00',7),(91276,'2026-04-28','OPEN','12:30:00',7),(91277,'2026-04-28','OPEN','14:00:00',7),(91278,'2026-04-28','OPEN','14:30:00',7),(91279,'2026-04-28','OPEN','15:00:00',7),(91280,'2026-04-28','OPEN','15:30:00',7),(91281,'2026-04-28','OPEN','10:00:00',8),(91282,'2026-04-28','OPEN','10:30:00',8),(91283,'2026-04-28','OPEN','11:00:00',8),(91284,'2026-04-28','OPEN','11:30:00',8),(91285,'2026-04-28','OPEN','12:00:00',8),(91286,'2026-04-28','OPEN','12:30:00',8),(91287,'2026-04-28','OPEN','14:00:00',8),(91288,'2026-04-28','OPEN','14:30:00',8),(91289,'2026-04-28','OPEN','15:00:00',8),(91290,'2026-04-28','OPEN','15:30:00',8),(91291,'2026-04-28','OPEN','10:00:00',9),(91292,'2026-04-28','OPEN','10:30:00',9),(91293,'2026-04-28','OPEN','11:00:00',9),(91294,'2026-04-28','OPEN','11:30:00',9),(91295,'2026-04-28','OPEN','12:00:00',9),(91296,'2026-04-28','OPEN','12:30:00',9),(91297,'2026-04-28','OPEN','14:00:00',9),(91298,'2026-04-28','OPEN','14:30:00',9),(91299,'2026-04-28','OPEN','15:00:00',9),(91300,'2026-04-28','OPEN','15:30:00',9),(91301,'2026-04-28','OPEN','10:00:00',10),(91302,'2026-04-28','OPEN','10:30:00',10),(91303,'2026-04-28','OPEN','11:00:00',10),(91304,'2026-04-28','OPEN','11:30:00',10),(91305,'2026-04-28','OPEN','12:00:00',10),(91306,'2026-04-28','OPEN','12:30:00',10),(91307,'2026-04-28','OPEN','14:00:00',10),(91308,'2026-04-28','OPEN','14:30:00',10),(91309,'2026-04-28','OPEN','15:00:00',10),(91310,'2026-04-28','OPEN','15:30:00',10),(91311,'2026-04-28','OPEN','10:00:00',11),(91312,'2026-04-28','OPEN','10:30:00',11),(91313,'2026-04-28','OPEN','11:00:00',11),(91314,'2026-04-28','OPEN','11:30:00',11),(91315,'2026-04-28','OPEN','12:00:00',11),(91316,'2026-04-28','OPEN','12:30:00',11),(91317,'2026-04-28','OPEN','14:00:00',11),(91318,'2026-04-28','OPEN','14:30:00',11),(91319,'2026-04-28','OPEN','15:00:00',11),(91320,'2026-04-28','OPEN','15:30:00',11),(91321,'2026-04-28','OPEN','10:00:00',12),(91322,'2026-04-28','OPEN','10:30:00',12),(91323,'2026-04-28','OPEN','11:00:00',12),(91324,'2026-04-28','OPEN','11:30:00',12),(91325,'2026-04-28','OPEN','12:00:00',12),(91326,'2026-04-28','OPEN','12:30:00',12),(91327,'2026-04-28','OPEN','14:00:00',12),(91328,'2026-04-28','OPEN','14:30:00',12),(91329,'2026-04-28','OPEN','15:00:00',12),(91330,'2026-04-28','OPEN','15:30:00',12),(91331,'2026-04-28','OPEN','10:00:00',13),(91332,'2026-04-28','OPEN','10:30:00',13),(91333,'2026-04-28','OPEN','11:00:00',13),(91334,'2026-04-28','OPEN','11:30:00',13),(91335,'2026-04-28','OPEN','12:00:00',13),(91336,'2026-04-28','OPEN','12:30:00',13),(91337,'2026-04-28','OPEN','14:00:00',13),(91338,'2026-04-28','OPEN','14:30:00',13),(91339,'2026-04-28','OPEN','15:00:00',13),(91340,'2026-04-28','OPEN','15:30:00',13),(91341,'2026-04-28','OPEN','10:00:00',14),(91342,'2026-04-28','OPEN','10:30:00',14),(91343,'2026-04-28','OPEN','11:00:00',14),(91344,'2026-04-28','OPEN','11:30:00',14),(91345,'2026-04-28','OPEN','12:00:00',14),(91346,'2026-04-28','OPEN','12:30:00',14),(91347,'2026-04-28','OPEN','14:00:00',14),(91348,'2026-04-28','OPEN','14:30:00',14),(91349,'2026-04-28','OPEN','15:00:00',14),(91350,'2026-04-28','OPEN','15:30:00',14);
/*!40000 ALTER TABLE `doctor_slot` ENABLE KEYS */;
UNLOCK TABLES;

--
-- Table structure for table `doctors`
--

DROP TABLE IF EXISTS `doctors`;
/*!40101 SET @saved_cs_client     = @@character_set_client */;
/*!50503 SET character_set_client = utf8mb4 */;
CREATE TABLE `doctors` (
  `id` bigint NOT NULL AUTO_INCREMENT,
  `experience` int NOT NULL,
  `specialty` varchar(255) COLLATE utf8mb4_0900_ai_ci NOT NULL,
  `user_id` bigint NOT NULL,
  `name` varchar(255) COLLATE utf8mb4_0900_ai_ci NOT NULL,
  PRIMARY KEY (`id`) /*T![clustered_index] CLUSTERED */,
  UNIQUE KEY `UKt1f6cueqyjwx5ghew9ar1exe3` (`user_id`),
  CONSTRAINT `FKe9pf5qtxxkdyrwibaevo9frtk` FOREIGN KEY (`user_id`) REFERENCES `users` (`id`)
) ENGINE=InnoDB DEFAULT CHARSET=utf8mb4 COLLATE=utf8mb4_0900_ai_ci AUTO_INCREMENT=30015;
/*!40101 SET character_set_client = @saved_cs_client */;

--
-- Dumping data for table `doctors`
--

LOCK TABLES `doctors` WRITE;
/*!40000 ALTER TABLE `doctors` DISABLE KEYS */;
INSERT INTO `doctors` VALUES (6,10,'Cardiology',13,'Dr Kumar'),(7,6,'Oncologist',15,'Dr Mathan'),(8,6,'Oncologist',18,'Dr Sri'),(9,5,'Dermotologist',20,'Dr Nisha'),(10,2,'Pediatric',33,'geetha'),(11,4,'Cardiology',35,'Stefen'),(12,3,'Dermatologist',36,'Dr.karthik'),(13,5,'Neurologist',39,'Dr.Darwin'),(14,3,'Neurologist',41,'Dr.nila');
/*!40000 ALTER TABLE `doctors` ENABLE KEYS */;
UNLOCK TABLES;

--
-- Table structure for table `patients`
--

DROP TABLE IF EXISTS `patients`;
/*!40101 SET @saved_cs_client     = @@character_set_client */;
/*!50503 SET character_set_client = utf8mb4 */;
CREATE TABLE `patients` (
  `id` bigint NOT NULL AUTO_INCREMENT,
  `user_id` bigint DEFAULT NULL,
  PRIMARY KEY (`id`) /*T![clustered_index] CLUSTERED */
) ENGINE=InnoDB DEFAULT CHARSET=utf8mb4 COLLATE=utf8mb4_0900_ai_ci AUTO_INCREMENT=60006;
/*!40101 SET character_set_client = @saved_cs_client */;

--
-- Dumping data for table `patients`
--

LOCK TABLES `patients` WRITE;
/*!40000 ALTER TABLE `patients` DISABLE KEYS */;
INSERT INTO `patients` VALUES (1,34),(2,37),(3,38),(4,40),(5,42),(30006,30043),(30007,30045);
/*!40000 ALTER TABLE `patients` ENABLE KEYS */;
UNLOCK TABLES;

--
-- Table structure for table `users`
--

DROP TABLE IF EXISTS `users`;
/*!40101 SET @saved_cs_client     = @@character_set_client */;
/*!50503 SET character_set_client = utf8mb4 */;
CREATE TABLE `users` (
  `id` bigint NOT NULL AUTO_INCREMENT,
  `email` varchar(255) COLLATE utf8mb4_0900_ai_ci NOT NULL,
  `name` varchar(255) COLLATE utf8mb4_0900_ai_ci NOT NULL,
  `password` varchar(255) COLLATE utf8mb4_0900_ai_ci NOT NULL,
  `role` varchar(20) COLLATE utf8mb4_0900_ai_ci DEFAULT NULL,
  PRIMARY KEY (`id`) /*T![clustered_index] CLUSTERED */,
  UNIQUE KEY `UK3g1j96g94xpk3lpxl2qbl985x` (`name`)
) ENGINE=InnoDB DEFAULT CHARSET=utf8mb4 COLLATE=utf8mb4_0900_ai_ci AUTO_INCREMENT=60043;
/*!40101 SET character_set_client = @saved_cs_client */;

--
-- Dumping data for table `users`
--

LOCK TABLES `users` WRITE;
/*!40000 ALTER TABLE `users` DISABLE KEYS */;
INSERT INTO `users` VALUES (13,'kumar@gmail.com','Dr Kumar','$2a$10$pwzM9qje3HyMOqUFRpN4BuJhndHQEwoBt3rgmd63Kdru8l/vuUu7y','DOCTOR'),(14,'raju@gmail.com','raju','$2a$10$H7ML2xpqlrpuCwdqRyTiyumhOp7mQXlsQ.r7ykWNpYWPc.M/0WMCO','USER'),(15,'Mathan@gmail.com','Dr Mathan','$2a$10$Ma4XZlvwPJK11ojwLtYxxea/CK89Q3DAEzCnE7hn85tSItZNt/r7G','DOCTOR'),(16,'sanjay@gmail.com','sanjay','$2a$10$2o1rvj7O7pt3VcVXJAQYUuGTA3EQ7NXag1FyPZoD8rpRPFkztNdeW','USER'),(18,'sri@gmail.com','Dr Sri','$2a$10$yCR5OKjrJxWdibOImjmEoeq4a.aiR7tKSacxwfC9DWXHvauBpwlRe','DOCTOR'),(19,'siva@gmail.com','siva','$2a$10$mqwVDke6kuX69hWYw6RpmOnmqWJHZS6Ph5XkdFVpF5RQCMp5Vkm0m','USER'),(20,'nisha@gmail.com','Dr Nisha','$2a$10$/2pHriL5XDYhIflrIhgLgOX3ACc.BzJqNBQ2xrXW9BqZIdq1esKvK','DOCTOR'),(21,'guru@gmail.com','guru','$2a$10$WUeDXGRo9mFpunQo1OJwOOT8m9CtTVyDFuUWOtCRtGLAGDzQxubkC','USER'),(22,'rakshan@gmail.com','rakshan','$2a$10$5akuB5mF1K4za2u1BKEVk.rqIs1ztMKqfKJEVh/JU.3c7gjE.nqge','USER'),(23,'sarath@gmail.com','sarath','$2a$10$OsmQQaT.bDubKU29HB14venI.bnKhiEfYOIrXcZAcOT18D4L0o3fG','DOCTOR'),(28,'admin@gmail.com','Admin','$2a$10$yUO/i8cUURBknVev5vpQYOTIBpAzL/1xhR1gLZPO2ogeY7IzTP/0C','ADMIN'),(33,'geetha@gmail.com','geetha','$2a$10$gdn9A6fE4Ij35f9rNOUAx.Fjr2oxBeWxztj4./zMNqrcYS0fgwMDO','DOCTOR'),(34,'veera@gmail.com','veera','$2a$10$M6nrDcONhJXo.9ocv2NCI.4.ma5r8Egqe5pvB8NQEFCWu3TFe3yb6','USER'),(35,'stefen@gmail.com','Stefen','$2a$10$PD4BC5iHRtVTq9o0DDvrGOp/3xY6upTAfKQOPKryhbxgYBhs6XgPe','DOCTOR'),(36,'karthik@gmail.com','Dr.karthik','$2a$10$VsXH6dL93uGLzE0ejuO3Qeux5bfomeHJmr6RWZ.a2KxAJZf1ZSHDy','DOCTOR'),(37,'gopika@gmail.com','gopika','$2a$10$OC1dVurQ08L13.c1qGV8jehGg13./Bt7JmwY089/JeKveYdupkzqC','USER'),(38,'tharun@gmail.com','tharun','$2a$10$sryYn8kMxkQWBvxvSMmjJe.W6WkyChsgtE/FneNI5WBapTFSD1rHG','USER'),(39,'darwin@gmail.com','Dr.Darwin','$2a$10$u15jqjOfnVnFiSGTErjTPuu/Z7ZScrPjZh8QbQLXAm.9/ZHW6MYgi','DOCTOR'),(40,'edwin@gmail.com','Edwin','$2a$10$/9OHuucD6HUVE3gU.FlMFOwmtYpQ1h8INNCnF3FvRtElcY37PcqQO','USER'),(41,'nila@gmail.com','Dr.nila','$2a$10$ZRlxPLCo7y84jQ.BqdZrduQ67YnM5Rxxs76MFMTNZBSzCgZcccGrC','DOCTOR'),(42,'sam@gmail.com','sam','$2a$10$jcJIkDVqJRKZraQ0FY0cIOI1RJaobjTHM0E6/4ac1fkWnYBPaFJ7O','USER'),(30043,'suthan@gmail.com','suthan','$2a$10$9Bw5zKOMG.SmipJdUKrS2OCAQHP.mjzP4qefPyTXEjDd78FUhgqNO','USER'),(30045,'sutha@gmail.com','sutha','$2a$10$50wmYFycPJu09GFYPqjdEu5VE1fEFBYVyIR8FUpePrrfgXfUiu7Qm','USER');
/*!40000 ALTER TABLE `users` ENABLE KEYS */;
UNLOCK TABLES;
/*!40103 SET TIME_ZONE=@OLD_TIME_ZONE */;

/*!40101 SET SQL_MODE=@OLD_SQL_MODE */;
/*!40014 SET FOREIGN_KEY_CHECKS=@OLD_FOREIGN_KEY_CHECKS */;
/*!40014 SET UNIQUE_CHECKS=@OLD_UNIQUE_CHECKS */;
/*!40101 SET CHARACTER_SET_CLIENT=@OLD_CHARACTER_SET_CLIENT */;
/*!40101 SET CHARACTER_SET_RESULTS=@OLD_CHARACTER_SET_RESULTS */;
/*!40101 SET COLLATION_CONNECTION=@OLD_COLLATION_CONNECTION */;
/*!40111 SET SQL_NOTES=@OLD_SQL_NOTES */;

-- Dump completed on 2026-04-22 11:22:51
